WKT,Name,OBJECTID,UKATEGORIE,UTYP1,UART,UMONAT,USTUNDE,UWOCHENTAG,STRZUSTAND,ULICHTVERH,ISTRAD,ISTPKW,ISTFUSS,ISTKRAD
"POINT (9.787011459000041 52.372163662000048)",Unfall 12328 (2017) Kat:3,12328,3,2,3,03,16,3,0,,1,1,0,0
"POINT (9.660585532000027 52.171303542000032)",Unfall 12329 (2017) Kat:3,12329,3,6,2,03,07,3,0,,0,1,0,0
"POINT (9.607125944000075 52.307862044000046)",Unfall 12330 (2017) Kat:3,12330,3,2,6,03,09,3,0,,0,1,1,0
"POINT (9.669163657000070 52.346140008000077)",Unfall 12331 (2017) Kat:3,12331,3,6,2,03,18,3,0,,0,1,0,0
"POINT (9.584818028000029 52.584657222000033)",Unfall 12332 (2017) Kat:3,12332,3,3,5,03,16,3,0,,0,1,0,0
"POINT (9.473409548000063 52.505319482000061)",Unfall 12333 (2017) Kat:3,12333,3,6,4,03,07,3,0,,0,1,0,0
"POINT (9.431535995000047 52.319094955000082)",Unfall 12334 (2017) Kat:3,12334,3,3,5,03,19,3,0,,0,1,0,0
"POINT (9.409265751000021 52.334080552000046)",Unfall 12335 (2017) Kat:3,12335,3,6,2,03,15,3,0,,0,1,0,0
"POINT (9.585673430000043 52.440715042000079)",Unfall 12336 (2017) Kat:3,12336,3,6,3,03,14,3,0,,0,1,0,0
"POINT (9.857452422000051 52.497885970000027)",Unfall 12337 (2017) Kat:3,12337,3,3,5,03,08,3,0,,0,1,0,0
"POINT (10.024160698000060 52.432962362000069)",Unfall 12338 (2017) Kat:2,12338,2,2,4,03,17,3,0,,0,0,0,1
"POINT (9.719195455000033 52.348166290000052)",Unfall 12339 (2017) Kat:3,12339,3,6,2,03,16,3,0,,0,1,0,0
"POINT (9.670741967000026 52.441325853000080)",Unfall 12341 (2017) Kat:3,12341,3,2,5,03,13,3,0,,0,1,0,0
"POINT (9.504953784000065 52.406452213000080)",Unfall 12342 (2017) Kat:3,12342,3,6,2,03,10,3,0,,0,1,0,0
"POINT (9.944574244000023 52.333794475000047)",Unfall 12347 (2017) Kat:3,12347,3,3,5,04,20,2,0,,1,1,0,0
"POINT (9.907640633000028 52.357111956000040)",Unfall 12357 (2017) Kat:3,12357,3,6,2,04,09,2,1,,0,1,0,0
"POINT (9.859503632000042 52.459652620000043)",Unfall 12359 (2017) Kat:3,12359,3,6,2,04,22,2,0,,0,1,0,0
"POINT (9.730984807000027 52.382498864000070)",Unfall 12361 (2017) Kat:3,12361,3,6,2,04,08,2,0,,0,1,0,0
"POINT (9.449261974000024 52.504767513000047)",Unfall 12413 (2017) Kat:2,12413,2,4,6,03,19,2,0,,0,1,1,0
"POINT (9.693097028000068 52.381754182000066)",Unfall 12430 (2017) Kat:3,12430,3,6,2,03,09,2,0,,0,1,0,0
"POINT (9.684291154000050 52.347503331000041)",Unfall 12432 (2017) Kat:3,12432,3,6,2,03,07,2,0,,0,1,0,0
"POINT (9.811866952000059 52.409468948000040)",Unfall 12433 (2017) Kat:3,12433,3,2,5,03,17,2,0,,1,1,0,0
"POINT (9.796315177000054 52.275105823000047)",Unfall 12435 (2017) Kat:3,12435,3,2,2,03,16,2,0,,0,1,0,0
"POINT (9.637017182000022 52.331912494000051)",Unfall 12436 (2017) Kat:3,12436,3,6,2,03,16,2,0,,0,1,0,0
"POINT (9.457232412000053 52.503380016000051)",Unfall 12439 (2017) Kat:3,12439,3,3,5,04,12,1,0,,0,0,0,0
"POINT (9.891597353000066 52.364768531000038)",Unfall 12440 (2017) Kat:3,12440,3,1,3,04,04,1,1,,0,1,0,0
"POINT (9.629432417000032 52.549364146000073)",Unfall 12446 (2017) Kat:3,12446,3,3,5,03,10,2,0,,0,1,0,0
"POINT (9.846572561000073 52.430795830000079)",Unfall 12448 (2017) Kat:3,12448,3,2,5,03,14,2,0,,0,1,0,0
"POINT (10.097108546000072 52.482854322000037)",Unfall 12449 (2017) Kat:3,12449,3,2,4,03,09,2,0,,1,1,0,0
"POINT (9.847104462000061 52.434129539000082)",Unfall 12450 (2017) Kat:2,12450,2,4,6,03,16,2,0,,0,0,1,0
"POINT (9.808404930000052 52.408785863000048)",Unfall 12452 (2017) Kat:2,12452,2,4,6,03,16,2,0,,0,0,1,0
"POINT (9.698842720000073 52.347750226000073)",Unfall 12509 (2017) Kat:3,12509,3,2,5,04,20,7,1,,0,1,0,0
"POINT (9.696813325000051 52.380038001000059)",Unfall 12510 (2017) Kat:3,12510,3,6,2,04,19,7,0,,0,1,0,0
"POINT (9.441270135000025 52.311497050000071)",Unfall 12511 (2017) Kat:3,12511,3,2,2,04,15,7,0,,0,1,0,0
"POINT (9.734297532000028 52.387344932000076)",Unfall 12512 (2017) Kat:3,12512,3,4,6,04,18,7,0,,0,1,1,0
"POINT (9.816797722000047 52.284711702000038)",Unfall 12513 (2017) Kat:3,12513,3,1,8,04,15,7,0,,0,0,0,1
"POINT (9.891925260000051 52.429437794000080)",Unfall 12515 (2017) Kat:3,12515,3,6,3,04,16,7,0,,0,1,0,0
"POINT (9.787879887000031 52.454738389000056)",Unfall 12517 (2017) Kat:2,12517,2,2,0,04,13,7,0,,1,0,0,1
"POINT (9.827059314000053 52.354031151000072)",Unfall 12525 (2017) Kat:3,12525,3,6,2,03,13,1,0,,0,1,0,1
"POINT (9.750418265000064 52.595852519000061)",Unfall 12526 (2017) Kat:3,12526,3,6,2,04,12,7,0,,0,1,0,0
"POINT (9.971020834000058 52.389638742000045)",Unfall 12527 (2017) Kat:3,12527,3,6,2,04,10,7,0,,0,1,0,0
"POINT (9.968002601000023 52.389894962000028)",Unfall 12528 (2017) Kat:3,12528,3,6,0,04,09,7,0,,0,1,0,0
"POINT (9.890295539000022 52.363029824000080)",Unfall 12529 (2017) Kat:3,12529,3,6,3,04,08,7,0,,0,1,0,0
"POINT (9.825299754000071 52.504765561000056)",Unfall 12530 (2017) Kat:3,12530,3,7,8,04,01,7,0,,0,1,0,0
"POINT (9.678254417000062 52.435692069000027)",Unfall 12537 (2017) Kat:3,12537,3,2,2,03,20,1,0,,0,1,0,0
"POINT (9.424307859000066 52.350188587000048)",Unfall 12539 (2017) Kat:3,12539,3,6,2,03,13,1,0,,0,1,0,0
"POINT (9.627758612000037 52.394402328000069)",Unfall 12541 (2017) Kat:2,12541,2,3,5,03,13,1,0,,0,1,0,1
"POINT (9.945299275000025 52.333439639000062)",Unfall 12603 (2017) Kat:3,12603,3,4,6,03,16,7,0,,1,0,1,0
"POINT (10.056000144000052 52.392761067000038)",Unfall 12604 (2017) Kat:3,12604,3,7,9,03,12,7,0,,0,1,0,0
"POINT (9.971271256000023 52.369077197000081)",Unfall 12605 (2017) Kat:3,12605,3,5,4,03,09,7,0,,0,1,0,0
"POINT (9.697642125000073 52.377233340000032)",Unfall 12606 (2017) Kat:3,12606,3,6,2,03,23,7,0,,0,1,0,0
"POINT (9.878577891000077 52.399806473000069)",Unfall 12607 (2017) Kat:3,12607,3,1,9,03,05,7,0,,0,1,0,0
"POINT (9.537865716000056 52.340098319000049)",Unfall 12643 (2017) Kat:3,12643,3,7,9,03,13,6,0,,0,1,0,0
"POINT (9.915125520000061 52.512527620000071)",Unfall 12644 (2017) Kat:3,12644,3,2,4,03,15,6,0,,0,1,0,1
"POINT (9.796814552000058 52.347553801000061)",Unfall 12645 (2017) Kat:3,12645,3,6,2,03,15,6,0,,0,1,0,0
"POINT (9.699462936000032 52.347362229000055)",Unfall 12713 (2017) Kat:3,12713,3,3,5,03,15,6,0,,0,1,0,1
"POINT (9.708406376000028 52.365969120000045)",Unfall 12714 (2017) Kat:3,12714,3,7,5,03,23,6,0,,0,1,0,0
"POINT (9.820421411000041 52.293604456000082)",Unfall 12715 (2017) Kat:3,12715,3,2,5,03,08,6,0,,0,1,0,0
"POINT (9.777094414000032 52.269467625000061)",Unfall 12716 (2017) Kat:3,12716,3,6,2,03,13,6,0,,0,1,0,0
"POINT (9.619979202000025 52.354978343000028)",Unfall 12717 (2017) Kat:3,12717,3,2,2,03,08,6,0,,0,1,0,0
"POINT (9.525353431000042 52.461058812000033)",Unfall 12718 (2017) Kat:3,12718,3,2,5,03,16,6,0,,0,1,0,0
"POINT (9.715835257000038 52.458610421000060)",Unfall 12719 (2017) Kat:3,12719,3,2,5,03,19,6,0,,1,1,0,0
"POINT (9.710398221000048 52.431751432000056)",Unfall 12720 (2017) Kat:3,12720,3,2,5,03,15,6,0,,1,1,0,0
"POINT (9.843953098000043 52.360721865000073)",Unfall 12724 (2017) Kat:2,12724,2,7,0,03,23,6,0,,0,1,0,0
"POINT (9.811976652000055 52.305686685000069)",Unfall 12732 (2017) Kat:2,12732,2,1,0,03,09,5,1,,1,0,0,0
"POINT (9.626478204000023 52.268568524000045)",Unfall 12743 (2017) Kat:3,12743,3,6,2,03,09,5,1,,0,1,0,0
"POINT (9.510149271000046 52.290241984000033)",Unfall 12744 (2017) Kat:3,12744,3,2,5,03,16,5,0,,0,1,0,1
"POINT (10.113208799000063 52.352995051000050)",Unfall 12745 (2017) Kat:3,12745,3,2,5,03,13,5,0,,1,1,0,0
"POINT (9.977123522000056 52.372063292000064)",Unfall 12746 (2017) Kat:3,12746,3,1,0,03,15,5,0,,1,0,0,0
"POINT (9.797822506000046 52.455050144000040)",Unfall 12747 (2017) Kat:3,12747,3,5,2,03,18,5,0,,0,1,0,0
"POINT (9.988836989000049 52.462139898000032)",Unfall 12748 (2017) Kat:3,12748,3,3,5,03,16,5,0,,0,1,0,0
"POINT (9.701232415000050 52.379972138000028)",Unfall 12749 (2017) Kat:3,12749,3,6,2,03,19,5,0,,0,1,0,0
"POINT (9.696348981000028 52.379841687000066)",Unfall 12750 (2017) Kat:2,12750,2,2,5,03,23,5,0,,0,1,0,0
"POINT (9.764832687000023 52.342737794000072)",Unfall 12751 (2017) Kat:3,12751,3,2,4,03,16,5,0,,0,1,0,0
"POINT (9.731425324000043 52.433314743000039)",Unfall 12753 (2017) Kat:2,12753,2,4,6,03,14,5,0,,1,0,1,0
"POINT (9.860551600000065 52.384580471000049)",Unfall 12754 (2017) Kat:3,12754,3,5,1,03,12,5,0,,0,1,0,0
"POINT (9.732400693000045 52.383512399000040)",Unfall 12761 (2017) Kat:3,12761,3,6,2,03,12,5,0,,0,1,0,0
"POINT (9.456990488000031 52.500924002000033)",Unfall 12784 (2017) Kat:3,12784,3,3,5,03,15,5,0,,0,1,0,0
"POINT (10.184064906000060 52.465407997000057)",Unfall 12786 (2017) Kat:3,12786,3,2,2,03,17,5,0,,0,1,0,0
"POINT (9.763322028000061 52.336780082000075)",Unfall 12793 (2017) Kat:2,12793,2,4,6,03,08,5,0,,0,1,1,0
"POINT (9.451956908000057 52.372854500000074)",Unfall 12794 (2017) Kat:3,12794,3,6,2,03,08,5,0,,0,1,0,0
"POINT (9.435992811000062 52.330841187000033)",Unfall 12838 (2017) Kat:3,12838,3,2,2,03,18,4,0,,0,1,0,0
"POINT (9.915298598000049 52.478126758000030)",Unfall 12840 (2017) Kat:3,12840,3,5,2,03,16,4,0,,0,1,0,0
"POINT (9.879867281000031 52.508839457000079)",Unfall 12842 (2017) Kat:3,12842,3,3,5,03,15,4,1,,0,1,0,1
"POINT (9.724018336000029 52.377633129000060)",Unfall 12852 (2017) Kat:3,12852,3,3,5,03,18,4,0,,1,1,0,0
"POINT (9.608030791000033 52.289988198000060)",Unfall 12876 (2017) Kat:3,12876,3,3,5,03,12,4,0,,0,1,0,0
"POINT (9.758829366000043 52.370315785000059)",Unfall 12943 (2017) Kat:3,12943,3,3,0,03,16,3,0,,1,1,0,0
"POINT (9.730580035000060 52.209895326000037)",Unfall 12945 (2017) Kat:3,12945,3,6,4,03,07,3,1,,0,1,0,0
"POINT (9.707522061000077 52.279493686000080)",Unfall 12952 (2017) Kat:3,12952,3,2,5,03,17,3,0,,0,1,0,0
"POINT (9.635566198000049 52.396150882000029)",Unfall 12953 (2017) Kat:2,12953,2,1,0,03,17,3,0,,1,0,0,0
"POINT (9.715512613000044 52.366727224000044)",Unfall 12954 (2017) Kat:2,12954,2,4,6,03,10,3,0,,1,0,1,0
"POINT (9.791661719000047 52.315236604000063)",Unfall 12955 (2017) Kat:3,12955,3,4,6,03,07,3,1,,0,1,1,0
"POINT (9.650491373000023 52.424553230000072)",Unfall 12956 (2017) Kat:3,12956,3,6,2,03,07,3,0,,0,1,0,0
"POINT (9.649306003000049 52.424327619000053)",Unfall 12957 (2017) Kat:3,12957,3,6,2,03,07,3,0,,0,1,0,0
"POINT (9.551139134000039 52.362637854000070)",Unfall 12990 (2017) Kat:3,12990,3,6,2,04,07,5,0,,0,1,0,0
"POINT (9.615040063000038 52.405656713000042)",Unfall 12998 (2017) Kat:3,12998,3,6,2,04,16,5,0,,0,1,0,0
"POINT (9.609152827000060 52.439598734000072)",Unfall 13001 (2017) Kat:3,13001,3,3,5,04,06,5,0,,1,1,0,0
"POINT (9.728128114000072 52.578237353000077)",Unfall 13002 (2017) Kat:3,13002,3,6,2,04,16,5,0,,0,1,0,0
"POINT (9.987112764000074 52.298528107000038)",Unfall 13003 (2017) Kat:3,13003,3,7,8,04,05,5,0,,0,1,0,0
"POINT (9.892577023000058 52.465339495000080)",Unfall 13004 (2017) Kat:3,13004,3,3,5,04,07,5,0,,1,1,0,0
"POINT (9.710510938000027 52.431842086000074)",Unfall 13005 (2017) Kat:2,13005,2,6,2,04,18,5,0,,0,1,0,0
"POINT (9.491635600000052 52.337826431000053)",Unfall 13008 (2017) Kat:3,13008,3,5,1,04,12,7,0,,1,1,0,0
"POINT (9.570794420000027 52.446560677000036)",Unfall 13010 (2017) Kat:2,13010,2,3,5,04,17,5,0,,1,1,0,0
"POINT (9.482356607000043 52.392691879000040)",Unfall 13012 (2017) Kat:3,13012,3,6,2,04,13,5,0,,0,1,0,0
"POINT (9.719471814000031 52.345897472000047)",Unfall 13014 (2017) Kat:3,13014,3,6,2,04,07,5,0,,0,1,0,0
"POINT (9.735320456000068 52.394839729000068)",Unfall 13027 (2017) Kat:3,13027,3,2,3,04,17,2,0,,1,1,0,0
"POINT (9.766205011000068 52.340739899000027)",Unfall 13028 (2017) Kat:3,13028,3,3,0,04,16,2,0,,1,0,0,0
"POINT (9.867875329000071 52.403200490000074)",Unfall 13029 (2017) Kat:3,13029,3,7,1,04,01,2,0,,0,1,0,0
"POINT (9.762726274000045 52.344542453000031)",Unfall 13037 (2017) Kat:3,13037,3,3,5,04,11,1,0,,1,1,0,0
"POINT (9.799495193000041 52.409203764000040)",Unfall 13070 (2017) Kat:3,13070,3,2,5,04,11,2,0,,1,1,0,0
"POINT (9.721300377000034 52.338212344000056)",Unfall 13094 (2017) Kat:3,13094,3,6,2,04,15,4,0,,0,1,0,0
"POINT (9.709405290000063 52.169006859000035)",Unfall 13095 (2017) Kat:2,13095,2,3,5,04,19,4,0,,0,1,0,0
"POINT (9.623638191000055 52.421085637000033)",Unfall 13097 (2017) Kat:3,13097,3,6,2,04,08,4,0,,0,0,0,0
"POINT (9.698515524000072 52.213644409000040)",Unfall 13149 (2017) Kat:3,13149,3,3,5,04,15,1,0,,0,1,0,0
"POINT (9.825396880000028 52.307298934000073)",Unfall 13154 (2017) Kat:2,13154,2,6,2,04,22,1,0,,0,1,0,1
"POINT (9.662276514000041 52.385065434000069)",Unfall 13155 (2017) Kat:3,13155,3,2,6,04,18,1,0,,0,1,1,0
"POINT (9.712785501000042 52.298885608000035)",Unfall 13156 (2017) Kat:2,13156,2,3,5,04,14,1,0,,1,0,0,1
"POINT (9.817680999000061 52.428087236000067)",Unfall 13158 (2017) Kat:3,13158,3,6,3,04,05,1,0,,0,1,0,0
"POINT (9.696447497000065 52.379743316000031)",Unfall 13199 (2017) Kat:3,13199,3,6,2,04,15,3,1,,0,1,0,0
"POINT (9.833281482000075 52.386375380000061)",Unfall 13200 (2017) Kat:3,13200,3,4,6,04,15,2,0,,0,1,1,0
"POINT (9.437048623000067 52.330776257000082)",Unfall 13201 (2017) Kat:3,13201,3,1,8,04,15,3,0,,0,1,0,0
"POINT (9.729121151000072 52.536628769000060)",Unfall 13202 (2017) Kat:3,13202,3,1,9,04,11,3,1,,0,1,0,0
"POINT (9.617982196000071 52.428845808000062)",Unfall 13234 (2017) Kat:3,13234,3,6,2,04,09,6,0,,0,1,0,0
"POINT (9.733652001000053 52.427542754000058)",Unfall 13236 (2017) Kat:3,13236,3,6,2,04,17,6,0,,0,1,0,0
"POINT (9.721609495000052 52.378475879000064)",Unfall 13249 (2017) Kat:3,13249,3,6,2,04,16,7,0,,0,1,0,0
"POINT (9.467706858000042 52.423835353000072)",Unfall 13250 (2017) Kat:3,13250,3,2,5,04,11,7,1,,1,1,0,0
"POINT (9.968249989000071 52.315263383000058)",Unfall 13251 (2017) Kat:3,13251,3,7,0,04,16,7,0,,1,1,0,0
"POINT (9.736080374000039 52.400141751000035)",Unfall 13252 (2017) Kat:3,13252,3,6,4,04,13,7,0,,1,0,0,0
"POINT (9.711031712000022 52.405945952000081)",Unfall 13254 (2017) Kat:3,13254,3,6,2,04,11,7,1,,0,1,0,0
"POINT (9.833390585000075 52.386406139000030)",Unfall 13256 (2017) Kat:2,13256,2,2,5,04,08,7,1,,0,1,0,0
"POINT (9.548367580000047 52.398178502000064)",Unfall 13285 (2017) Kat:2,13285,2,1,0,04,01,1,0,,1,0,0,0
"POINT (9.723183976000030 52.377850811000030)",Unfall 13287 (2017) Kat:3,13287,3,2,5,04,18,2,1,,0,1,0,0
"POINT (9.677611652000053 52.479216418000078)",Unfall 13288 (2017) Kat:2,13288,2,2,2,04,14,2,0,,0,1,0,1
"POINT (9.709455214000059 52.168990140000062)",Unfall 13291 (2017) Kat:2,13291,2,3,5,04,15,2,1,,0,1,0,0
"POINT (9.714574784000035 52.360996297000042)",Unfall 13292 (2017) Kat:3,13292,3,2,0,04,07,2,1,,0,1,0,0
"POINT (9.699363581000057 52.347336074000054)",Unfall 13357 (2017) Kat:3,13357,3,2,5,04,16,1,0,,0,1,0,0
"POINT (9.427850151000030 52.561785113000042)",Unfall 13359 (2017) Kat:2,13359,2,1,8,04,05,1,0,,0,1,0,0
"POINT (9.738543758000049 52.303657388000033)",Unfall 13362 (2017) Kat:3,13362,3,3,5,04,07,6,0,,0,1,0,1
"POINT (9.509739484000022 52.409190661000082)",Unfall 13374 (2017) Kat:3,13374,3,7,2,04,18,6,0,,0,1,0,0
"POINT (9.745117286000038 52.367421335000074)",Unfall 13405 (2017) Kat:3,13405,3,6,2,04,19,1,0,,0,1,0,0
"POINT (9.529854362000037 52.445277285000031)",Unfall 13445 (2017) Kat:3,13445,3,3,5,04,12,7,0,,0,1,0,0
"POINT (9.842152568000074 52.564292939000040)",Unfall 13446 (2017) Kat:3,13446,3,3,5,04,22,7,0,,0,1,0,0
"POINT (9.474594908000029 52.387011596000036)",Unfall 13447 (2017) Kat:3,13447,3,6,2,04,04,7,0,,0,1,0,0
"POINT (9.695876601000066 52.430522560000043)",Unfall 13448 (2017) Kat:3,13448,3,6,3,04,10,7,1,,0,1,0,0
"POINT (9.731121533000021 52.383601568000074)",Unfall 13450 (2017) Kat:2,13450,2,3,5,04,04,7,1,,1,1,0,0
"POINT (9.758438201000047 52.566450890000056)",Unfall 13457 (2017) Kat:3,13457,3,6,2,04,15,5,0,,0,1,0,0
"POINT (9.798689503000048 52.455393558000026)",Unfall 13458 (2017) Kat:3,13458,3,2,2,04,17,5,0,,0,1,0,0
"POINT (9.859266946000048 52.487451893000070)",Unfall 13459 (2017) Kat:3,13459,3,3,5,04,08,5,0,,0,1,0,0
"POINT (9.891459322000060 52.312818772000071)",Unfall 13461 (2017) Kat:2,13461,2,3,5,04,16,5,0,,0,1,0,1
"POINT (9.899331719000031 52.386442286000033)",Unfall 13462 (2017) Kat:3,13462,3,6,2,04,20,5,0,,0,1,0,0
"POINT (9.743383665000067 52.368291941000052)",Unfall 13464 (2017) Kat:3,13464,3,3,5,04,11,5,0,,0,1,0,0
"POINT (9.460485128000073 52.377774769000041)",Unfall 13514 (2017) Kat:3,13514,3,7,2,04,12,6,0,,0,1,0,0
"POINT (9.760212120000062 52.587469120000037)",Unfall 13516 (2017) Kat:3,13516,3,6,2,04,09,6,0,,0,1,0,0
"POINT (9.696164098000054 52.380009319000067)",Unfall 13529 (2017) Kat:3,13529,3,1,9,04,02,7,1,,0,1,0,0
"POINT (9.614386932000059 52.438369929000032)",Unfall 13576 (2017) Kat:3,13576,3,6,2,04,18,4,1,,0,1,0,0
"POINT (9.813418171000023 52.365439750000064)",Unfall 13605 (2017) Kat:3,13605,3,6,2,04,21,5,1,,0,1,0,1
"POINT (9.768807568000057 52.338081361000036)",Unfall 13606 (2017) Kat:3,13606,3,2,2,04,17,5,0,,0,1,1,0
"POINT (9.947432996000032 52.391499309000039)",Unfall 13609 (2017) Kat:3,13609,3,6,2,04,22,5,0,,0,1,0,0
"POINT (9.818555568000022 52.427632872000061)",Unfall 13610 (2017) Kat:3,13610,3,6,2,04,21,5,0,,0,1,0,0
"POINT (9.720560206000073 52.458669903000043)",Unfall 13615 (2017) Kat:3,13615,3,2,5,04,15,5,0,,0,1,0,1
"POINT (9.755442447000064 52.370113842000080)",Unfall 13618 (2017) Kat:3,13618,3,1,0,04,16,5,0,,1,0,0,0
"POINT (9.732241725000051 52.369108410000081)",Unfall 13624 (2017) Kat:3,13624,3,6,2,04,13,5,0,,1,0,0,0
"POINT (9.731563259000041 52.369401744000072)",Unfall 13627 (2017) Kat:3,13627,3,2,5,04,11,5,0,,1,1,0,0
"POINT (9.631418987000075 52.420157938000045)",Unfall 13630 (2017) Kat:3,13630,3,6,2,04,08,5,1,,0,1,0,0
"POINT (9.751679013000057 52.358605123000075)",Unfall 13673 (2017) Kat:3,13673,3,6,3,04,16,3,0,,1,0,0,0
"POINT (9.862030333000064 52.381067388000076)",Unfall 13674 (2017) Kat:3,13674,3,2,4,04,06,3,0,,1,1,0,0
"POINT (9.717768807000027 52.395616944000039)",Unfall 13675 (2017) Kat:3,13675,3,3,5,04,16,3,0,,1,1,0,0
"POINT (9.724600098000053 52.242950369000027)",Unfall 13677 (2017) Kat:3,13677,3,6,2,04,11,3,0,,0,1,0,0
"POINT (9.604548681000040 52.335064233000026)",Unfall 13680 (2017) Kat:3,13680,3,2,5,04,19,3,0,,0,1,0,0
"POINT (9.908354539000072 52.357325287000037)",Unfall 13681 (2017) Kat:3,13681,3,6,2,04,08,3,0,,0,1,0,0
"POINT (9.797247338000034 52.475921213000049)",Unfall 13684 (2017) Kat:3,13684,3,4,6,04,16,3,0,,0,1,1,0
"POINT (9.731531895000046 52.369590197000036)",Unfall 13686 (2017) Kat:3,13686,3,2,2,04,09,2,0,,0,1,0,0
"POINT (9.841261622000047 52.423349673000075)",Unfall 13687 (2017) Kat:3,13687,3,6,2,04,15,3,0,,0,1,0,0
"POINT (9.719749962000037 52.367642847000070)",Unfall 13689 (2017) Kat:2,13689,2,1,8,04,10,3,0,,1,0,0,0
"POINT (9.761931928000024 52.370515217000047)",Unfall 13691 (2017) Kat:3,13691,3,2,5,04,10,3,0,,1,1,0,0
"POINT (9.668118038000046 52.343764563000036)",Unfall 13720 (2017) Kat:3,13720,3,3,5,04,04,4,0,,0,1,0,0
"POINT (9.574043089000043 52.421720447000041)",Unfall 13721 (2017) Kat:3,13721,3,3,5,04,12,4,0,,1,1,0,0
"POINT (9.907989552000061 52.357082475000027)",Unfall 13722 (2017) Kat:3,13722,3,6,2,04,15,4,0,,0,1,0,0
"POINT (9.801390647000062 52.480415655000058)",Unfall 13723 (2017) Kat:3,13723,3,3,5,04,11,4,0,,1,1,0,0
"POINT (9.731158941000047 52.618907601000046)",Unfall 13724 (2017) Kat:3,13724,3,7,2,04,14,5,0,,0,1,0,0
"POINT (10.077578301000074 52.478249556000037)",Unfall 13725 (2017) Kat:3,13725,3,1,8,04,06,4,1,,0,1,0,0
"POINT (9.746380391000059 52.211586443000044)",Unfall 13778 (2017) Kat:3,13778,3,6,2,04,17,5,0,,0,1,0,0
"POINT (9.718384326000034 52.346040843000026)",Unfall 13794 (2017) Kat:3,13794,3,6,2,04,18,3,0,,0,1,0,0
"POINT (9.766135674000054 52.340821216000052)",Unfall 13799 (2017) Kat:3,13799,3,3,5,04,20,3,0,,0,1,0,1
"POINT (9.629043018000061 52.264627980000057)",Unfall 13802 (2017) Kat:3,13802,3,3,5,04,12,3,0,,1,1,0,0
"POINT (9.854427956000052 52.549383092000028)",Unfall 13805 (2017) Kat:3,13805,3,7,8,04,00,3,0,,0,1,0,0
"POINT (9.722959423000077 52.378929318000075)",Unfall 13806 (2017) Kat:3,13806,3,3,5,04,19,3,0,,1,1,0,0
"POINT (9.847192989000064 52.274422827000080)",Unfall 13809 (2017) Kat:3,13809,3,6,2,04,11,3,0,,0,1,0,0
"POINT (9.855529422000075 52.491948359000048)",Unfall 13825 (2017) Kat:3,13825,3,3,5,05,16,5,1,,0,1,0,0
"POINT (9.881462988000067 52.433677569000054)",Unfall 13827 (2017) Kat:3,13827,3,1,8,05,18,5,1,,0,1,0,0
"POINT (9.827115985000035 52.344092846000080)",Unfall 13830 (2017) Kat:3,13830,3,3,5,05,17,5,1,,1,1,0,0
"POINT (10.029522237000037 52.429034408000064)",Unfall 13831 (2017) Kat:3,13831,3,6,2,05,08,2,0,,0,1,0,0
"POINT (9.978465452000023 52.375164159000065)",Unfall 13833 (2017) Kat:3,13833,3,2,2,05,15,3,1,,0,1,0,0
"POINT (10.043959908000033 52.307275446000062)",Unfall 13834 (2017) Kat:3,13834,3,3,5,05,12,3,1,,0,1,0,0
"POINT (9.790358075000029 52.558679979000033)",Unfall 13836 (2017) Kat:3,13836,3,1,7,05,20,3,1,,0,0,0,0
"POINT (9.682887390000076 52.373111028000039)",Unfall 13837 (2017) Kat:2,13837,2,1,8,05,19,3,1,,0,1,0,0
"POINT (9.311266251000063 52.504342650000069)",Unfall 13838 (2017) Kat:1,13838,1,1,8,05,06,3,0,,0,1,0,0
"POINT (9.721659528000032 52.483649205000063)",Unfall 13850 (2017) Kat:2,13850,2,6,2,05,15,7,0,,0,1,0,0
"POINT (9.964348523000069 52.315927728000077)",Unfall 13883 (2017) Kat:2,13883,2,6,2,05,13,1,0,,0,1,0,1
"POINT (9.718072627000026 52.367189155000062)",Unfall 13900 (2017) Kat:3,13900,3,1,0,05,05,2,0,,1,0,0,0
"POINT (9.590066908000040 52.211812651000059)",Unfall 13901 (2017) Kat:3,13901,3,1,9,05,16,2,0,,0,0,0,1
"POINT (9.663417014000061 52.315877655000065)",Unfall 13902 (2017) Kat:3,13902,3,2,5,05,12,2,0,,1,1,0,0
"POINT (10.051440327000023 52.306961697000077)",Unfall 13903 (2017) Kat:2,13903,2,3,5,05,17,2,0,,0,1,0,0
"POINT (9.701837320000038 52.430480240000065)",Unfall 13904 (2017) Kat:3,13904,3,6,2,05,15,2,0,,0,1,0,0
"POINT (9.401715578000051 52.333114115000058)",Unfall 13919 (2017) Kat:3,13919,3,6,2,05,17,6,0,,0,1,0,0
"POINT (9.804416532000062 52.408039567000060)",Unfall 13935 (2017) Kat:2,13935,2,3,5,05,12,1,0,,1,1,0,0
"POINT (9.470175723000068 52.383781137000028)",Unfall 13957 (2017) Kat:3,13957,3,6,2,05,12,7,0,,0,1,0,0
"POINT (9.713375457000041 52.422240199000044)",Unfall 13964 (2017) Kat:3,13964,3,1,9,04,22,1,0,,0,1,0,0
"POINT (9.720717593000074 52.316741520000051)",Unfall 13965 (2017) Kat:3,13965,3,1,0,04,15,1,0,,0,0,0,1
"POINT (9.606139209000048 52.642562828000052)",Unfall 13968 (2017) Kat:2,13968,2,1,8,04,17,1,0,,0,0,0,1