WKT,Name,OBJECTID,UKATEGORIE,UTYP1,UART,UMONAT,USTUNDE,UWOCHENTAG,STRZUSTAND,ULICHTVERH,ISTRAD,ISTPKW,ISTFUSS,ISTKRAD
"POINT (9.824155351000059 52.285489028000029)",Unfall 13969 (2017) Kat:2,13969,2,2,5,04,09,1,0,,0,1,0,1
"POINT (9.575692537000066 52.391886782000029)",Unfall 13971 (2017) Kat:2,13971,2,1,9,04,06,1,0,,0,1,0,0
"POINT (9.600218860000041 52.575394095000036)",Unfall 13976 (2017) Kat:3,13976,3,5,1,05,11,2,1,,0,1,0,0
"POINT (9.781088390000036 52.281120284000053)",Unfall 14035 (2017) Kat:2,14035,2,6,4,05,12,1,0,,1,1,0,0
"POINT (9.725288437000074 52.459792918000062)",Unfall 14055 (2017) Kat:3,14055,3,2,5,05,22,3,0,,0,1,0,0
"POINT (9.745644701000060 52.209330682000029)",Unfall 14057 (2017) Kat:3,14057,3,2,4,05,08,6,1,,0,1,0,0
"POINT (9.552665005000051 52.440781072000050)",Unfall 14073 (2017) Kat:3,14073,3,2,2,05,18,7,0,,0,1,0,0
"POINT (9.603113377000057 52.462745880000057)",Unfall 14074 (2017) Kat:3,14074,3,6,2,04,13,7,0,,0,1,0,0
"POINT (9.728051993000065 52.336203272000034)",Unfall 14075 (2017) Kat:3,14075,3,6,0,04,22,7,0,,0,1,0,0
"POINT (9.787815207000051 52.318675271000075)",Unfall 14077 (2017) Kat:2,14077,2,6,2,04,12,7,0,,0,1,0,1
"POINT (9.551394613000070 52.322740216000057)",Unfall 14098 (2017) Kat:3,14098,3,2,5,05,16,7,0,,1,1,0,0
"POINT (9.457245870000065 52.505078836000052)",Unfall 14101 (2017) Kat:3,14101,3,6,2,05,08,7,0,,0,1,0,0
"POINT (9.868827390000035 52.434806132000062)",Unfall 14108 (2017) Kat:3,14108,3,2,5,05,10,7,0,,1,1,0,0
"POINT (9.396713107000039 52.596967837000079)",Unfall 14121 (2017) Kat:3,14121,3,6,2,05,12,2,0,,0,1,0,0
"POINT (9.503675049000037 52.405728783000029)",Unfall 14124 (2017) Kat:3,14124,3,7,0,05,14,7,0,,0,0,0,0
"POINT (9.626767601000040 52.270794108000075)",Unfall 14126 (2017) Kat:2,14126,2,1,8,05,01,7,0,,0,1,0,0
"POINT (9.691595126000038 52.332381035000026)",Unfall 14138 (2017) Kat:3,14138,3,2,6,05,07,3,0,,0,1,1,0
"POINT (9.811262244000034 52.333044173000076)",Unfall 14177 (2017) Kat:3,14177,3,3,0,05,16,2,0,,0,1,0,0
"POINT (9.433956535000050 52.422085892000041)",Unfall 14210 (2017) Kat:3,14210,3,2,2,05,09,3,0,,0,1,0,0
"POINT (9.379013362000023 52.403665286000034)",Unfall 14212 (2017) Kat:3,14212,3,1,8,05,09,6,1,,0,1,0,0
"POINT (9.434538860000032 52.442861765000032)",Unfall 14227 (2017) Kat:3,14227,3,6,2,05,07,4,0,,0,1,0,0
"POINT (9.661212738000074 52.239338119000081)",Unfall 14229 (2017) Kat:3,14229,3,5,3,05,20,4,0,,0,1,0,0
"POINT (10.169289347000074 52.465398086000050)",Unfall 14233 (2017) Kat:3,14233,3,1,9,05,13,1,0,,1,0,0,0
"POINT (9.909298719000049 52.314255040000035)",Unfall 14241 (2017) Kat:3,14241,3,1,8,05,13,4,0,,0,1,0,0
"POINT (9.571751062000033 52.422784180000065)",Unfall 14245 (2017) Kat:3,14245,3,6,2,05,14,4,0,,0,1,0,0
"POINT (9.862323552000021 52.371404461000054)",Unfall 14247 (2017) Kat:3,14247,3,2,2,05,15,2,1,,0,1,0,0
"POINT (9.434388906000038 52.421667042000081)",Unfall 14249 (2017) Kat:3,14249,3,6,2,05,15,5,1,,0,1,0,0
"POINT (9.846742157000051 52.275385487000051)",Unfall 14254 (2017) Kat:3,14254,3,6,2,04,08,6,0,,0,1,0,0
"POINT (9.833144986000036 52.386336897000035)",Unfall 14256 (2017) Kat:3,14256,3,5,1,04,14,6,0,,0,1,0,1
"POINT (9.457619648000048 52.434878357000059)",Unfall 14257 (2017) Kat:3,14257,3,6,2,04,12,6,0,,0,1,0,0
"POINT (9.472455906000050 52.388474372000076)",Unfall 14259 (2017) Kat:3,14259,3,2,4,04,13,6,0,,0,1,0,0
"POINT (9.640181217000077 52.396837371000061)",Unfall 14260 (2017) Kat:3,14260,3,3,5,04,14,6,0,,0,1,0,0
"POINT (9.730031242000052 52.314617223000027)",Unfall 14263 (2017) Kat:3,14263,3,6,2,04,09,6,0,,0,1,0,0
"POINT (9.574785136000060 52.282895562000078)",Unfall 14264 (2017) Kat:3,14264,3,3,5,04,22,6,0,,1,1,0,0
"POINT (9.930742537000072 52.345962727000028)",Unfall 14267 (2017) Kat:3,14267,3,2,4,04,07,6,0,,1,1,0,0
"POINT (9.692873033000069 52.374398961000054)",Unfall 14278 (2017) Kat:3,14278,3,6,0,05,10,6,1,,0,1,0,1
"POINT (9.449054962000048 52.423545720000050)",Unfall 14279 (2017) Kat:3,14279,3,6,3,05,16,6,0,,0,1,0,0
"POINT (9.669549548000020 52.346455982000066)",Unfall 14281 (2017) Kat:3,14281,3,3,5,05,15,6,0,,1,1,0,0
"POINT (9.728363342000023 52.374108655000043)",Unfall 14282 (2017) Kat:3,14282,3,2,5,05,09,5,0,,1,1,0,0
"POINT (9.456103965000068 52.506810603000076)",Unfall 14283 (2017) Kat:3,14283,3,6,2,05,13,6,0,,0,1,0,0
"POINT (9.945594502000063 52.333311598000080)",Unfall 14285 (2017) Kat:3,14285,3,2,2,05,08,6,0,,0,1,0,0
"POINT (9.718949037000073 52.439566751000029)",Unfall 14287 (2017) Kat:3,14287,3,6,2,05,10,6,0,,0,1,0,0
"POINT (9.801215580000076 52.341865611000060)",Unfall 14290 (2017) Kat:3,14290,3,1,8,05,18,6,1,,0,1,0,0
"POINT (9.673272966000070 52.358676473000060)",Unfall 14294 (2017) Kat:2,14294,2,3,5,05,10,3,0,,1,1,0,0
"POINT (9.859213412000031 52.487226175000046)",Unfall 14296 (2017) Kat:3,14296,3,3,5,05,10,6,0,,1,1,0,0
"POINT (9.786709484000028 52.389812502000041)",Unfall 14319 (2017) Kat:3,14319,3,6,2,05,17,3,0,,0,1,0,0
"POINT (9.829059365000035 52.423776663000069)",Unfall 14336 (2017) Kat:2,14336,2,6,0,05,15,7,0,,0,1,0,0
"POINT (9.996710654000026 52.377263263000032)",Unfall 14357 (2017) Kat:3,14357,3,3,5,05,18,2,0,,1,1,0,0
"POINT (9.732381336000060 52.383485425000060)",Unfall 14375 (2017) Kat:3,14375,3,6,2,05,08,6,0,,0,1,0,0
"POINT (9.732971169000052 52.420805398000027)",Unfall 14385 (2017) Kat:3,14385,3,3,5,05,09,6,1,,0,1,0,0
"POINT (9.640770650000036 52.414026711000076)",Unfall 14395 (2017) Kat:3,14395,3,3,5,04,20,5,0,,1,1,0,0
"POINT (9.732101435000061 52.369470593000074)",Unfall 14397 (2017) Kat:3,14397,3,6,3,04,15,5,0,,0,1,0,0
"POINT (9.610964763000027 52.431552185000044)",Unfall 14398 (2017) Kat:3,14398,3,2,5,04,12,5,0,,1,1,0,0
"POINT (9.736481556000058 52.557371577000026)",Unfall 14400 (2017) Kat:3,14400,3,3,5,04,08,5,0,,1,0,0,0
"POINT (9.732255201000044 52.383083464000038)",Unfall 14402 (2017) Kat:3,14402,3,6,2,04,09,5,0,,0,1,0,0
"POINT (9.735965428000043 52.397915583000042)",Unfall 14407 (2017) Kat:3,14407,3,1,1,05,02,1,0,,0,1,0,0
"POINT (9.824391320000075 52.299222182000051)",Unfall 14439 (2017) Kat:1,14439,1,6,4,05,13,3,0,,0,1,0,0
"POINT (9.610581814000057 52.392097978000038)",Unfall 14441 (2017) Kat:3,14441,3,6,6,05,17,6,0,,1,0,1,0
"POINT (9.812608684000054 52.329728342000067)",Unfall 14463 (2017) Kat:3,14463,3,1,9,05,14,1,0,,0,1,0,0
"POINT (9.777973604000067 52.371240145000058)",Unfall 14492 (2017) Kat:3,14492,3,6,2,05,12,5,0,,0,1,0,0
"POINT (9.405165014000033 52.407114808000074)",Unfall 14493 (2017) Kat:3,14493,3,6,2,05,15,5,0,,0,1,0,0
"POINT (9.763864726000065 52.178258670000048)",Unfall 14495 (2017) Kat:3,14495,3,1,9,05,02,5,0,,0,1,0,0
"POINT (9.463386287000049 52.535460897000064)",Unfall 14496 (2017) Kat:3,14496,3,1,0,05,18,5,1,,0,0,0,1
"POINT (9.833847573000071 52.500340490000042)",Unfall 14498 (2017) Kat:3,14498,3,2,2,05,15,5,0,,0,1,0,0
"POINT (9.801052992000052 52.557586062000041)",Unfall 14499 (2017) Kat:3,14499,3,3,5,05,18,5,0,,0,1,0,0
"POINT (10.095667732000038 52.455706892000080)",Unfall 14501 (2017) Kat:3,14501,3,6,2,05,11,5,0,,0,1,0,0
"POINT (9.830000688000041 52.297770503000038)",Unfall 14503 (2017) Kat:3,14503,3,1,8,05,21,5,1,,0,1,0,0
"POINT (9.404978133000043 52.334008908000044)",Unfall 14504 (2017) Kat:3,14504,3,7,1,05,11,2,0,,0,1,0,0
"POINT (9.586899650000021 52.440150816000028)",Unfall 14506 (2017) Kat:3,14506,3,2,5,05,07,5,0,,1,0,0,0
"POINT (9.522245978000058 52.302902957000072)",Unfall 14507 (2017) Kat:1,14507,1,1,4,05,18,5,1,,0,1,0,1
"POINT (9.806972142000063 52.277768927000068)",Unfall 14511 (2017) Kat:2,14511,2,3,5,05,16,5,0,,1,1,0,0
"POINT (9.895457992000047 52.373327018000055)",Unfall 14519 (2017) Kat:3,14519,3,7,3,05,16,6,0,,0,0,0,0
"POINT (9.734917061000033 52.392928901000062)",Unfall 14522 (2017) Kat:3,14522,3,4,6,05,15,6,0,,1,0,1,0
"POINT (9.730661405000035 52.468517340000062)",Unfall 14525 (2017) Kat:3,14525,3,3,5,04,19,4,0,,0,1,0,0
"POINT (9.711875146000068 52.441040310000062)",Unfall 14526 (2017) Kat:3,14526,3,6,2,04,14,4,0,,0,1,0,0
"POINT (9.755701170000066 52.340698121000059)",Unfall 14527 (2017) Kat:3,14527,3,6,2,05,16,5,0,,0,1,0,0
"POINT (9.732710122000071 52.369369279000068)",Unfall 14528 (2017) Kat:3,14528,3,6,2,04,19,4,0,,0,1,0,0
"POINT (9.748675181000067 52.597682413000030)",Unfall 14529 (2017) Kat:1,14529,1,6,2,05,12,5,0,,0,1,0,0
"POINT (9.789413890000049 52.317051308000032)",Unfall 14530 (2017) Kat:3,14530,3,2,5,04,17,4,0,,0,1,0,0
"POINT (9.629498904000059 52.420008776000032)",Unfall 14531 (2017) Kat:3,14531,3,6,2,05,09,5,0,,0,1,0,0
"POINT (9.767797084000051 52.427103256000066)",Unfall 14533 (2017) Kat:3,14533,3,6,2,05,08,5,0,,0,1,0,0
"POINT (9.826297245000035 52.289611958000080)",Unfall 14534 (2017) Kat:3,14534,3,2,5,05,07,5,0,,0,1,0,0
"POINT (10.123922913000058 52.372575924000046)",Unfall 14553 (2017) Kat:2,14553,2,3,5,05,09,6,0,,0,1,0,0
"POINT (9.850667447000035 52.322319614000037)",Unfall 14556 (2017) Kat:3,14556,3,1,0,05,10,6,1,,0,1,0,1
"POINT (9.858812717000035 52.407318460000056)",Unfall 14588 (2017) Kat:3,14588,3,6,2,05,02,2,0,,0,1,0,0
"POINT (9.515224529000022 52.411656665000066)",Unfall 14615 (2017) Kat:3,14615,3,6,2,05,09,3,0,,0,1,0,0
"POINT (9.464984176000030 52.398274014000037)",Unfall 14617 (2017) Kat:3,14617,3,2,5,05,18,6,0,,0,1,0,0
"POINT (9.476297438000074 52.388274730000035)",Unfall 14639 (2017) Kat:3,14639,3,6,2,05,15,1,0,,0,1,0,1
"POINT (9.515244773000063 52.400545034000061)",Unfall 14655 (2017) Kat:3,14655,3,3,5,05,14,5,1,,0,1,0,1
"POINT (9.730324834000044 52.382279025000059)",Unfall 14671 (2017) Kat:3,14671,3,3,5,05,15,6,0,,1,1,0,0
"POINT (9.722443501000043 52.378495644000054)",Unfall 14673 (2017) Kat:3,14673,3,6,2,04,16,3,1,,0,1,0,0
"POINT (9.406648009000037 52.411673897000071)",Unfall 14675 (2017) Kat:3,14675,3,1,9,04,08,3,1,,0,1,0,0
"POINT (9.648641416000032 52.296923441000047)",Unfall 14676 (2017) Kat:3,14676,3,6,3,04,05,3,1,,0,1,0,1
"POINT (9.768757273000063 52.370914689000074)",Unfall 14677 (2017) Kat:3,14677,3,6,2,05,16,4,0,,0,1,0,0
"POINT (9.465856143000053 52.332600278000029)",Unfall 14678 (2017) Kat:3,14678,3,6,3,04,08,3,1,,0,1,0,1
"POINT (9.538529604000075 52.460776496000051)",Unfall 14679 (2017) Kat:3,14679,3,1,0,05,15,4,0,,0,0,0,1
"POINT (9.970835272000045 52.338853934000042)",Unfall 14680 (2017) Kat:3,14680,3,7,9,04,12,3,1,,0,1,0,0
"POINT (9.587582786000041 52.415074343000072)",Unfall 14681 (2017) Kat:3,14681,3,3,5,05,16,4,0,,1,1,0,0
"POINT (9.744445016000043 52.452947891000065)",Unfall 14682 (2017) Kat:3,14682,3,2,6,04,12,3,0,,0,1,1,0
"POINT (9.729039552000074 52.582976259000077)",Unfall 14683 (2017) Kat:3,14683,3,7,6,05,11,4,0,,0,1,1,0
"POINT (9.807117777000030 52.372578616000055)",Unfall 14684 (2017) Kat:3,14684,3,6,2,05,22,4,0,,1,0,0,0
"POINT (9.733670549000067 52.384613884000032)",Unfall 14686 (2017) Kat:3,14686,3,2,5,05,16,4,0,,1,1,0,0
"POINT (9.890702555000075 52.363587305000067)",Unfall 14688 (2017) Kat:2,14688,2,3,2,05,14,4,0,,0,1,0,0
"POINT (9.722981293000032 52.453714190000028)",Unfall 14689 (2017) Kat:3,14689,3,1,8,04,06,3,1,,0,1,0,0
"POINT (9.812206314000036 52.429502284000080)",Unfall 14690 (2017) Kat:3,14690,3,6,3,05,10,4,0,,0,1,0,0
"POINT (9.742806834000021 52.368384456000058)",Unfall 14692 (2017) Kat:2,14692,2,3,5,05,10,4,0,,1,1,0,0
"POINT (9.996085874000073 52.445017696000036)",Unfall 14693 (2017) Kat:3,14693,3,7,9,04,09,3,0,,0,0,0,0
"POINT (9.707635033000031 52.420356005000031)",Unfall 14695 (2017) Kat:3,14695,3,3,5,05,01,4,0,,0,1,0,0
"POINT (9.826320010000075 52.341422301000080)",Unfall 14697 (2017) Kat:2,14697,2,3,5,04,08,3,1,,0,1,0,1
"POINT (9.757323765000024 52.504166017000045)",Unfall 14698 (2017) Kat:3,14698,3,6,2,04,05,3,1,,0,1,0,0
"POINT (9.782275667000022 52.362302108000051)",Unfall 14702 (2017) Kat:3,14702,3,6,2,04,08,3,0,,0,1,0,0
"POINT (9.715124479000053 52.361534343000073)",Unfall 14776 (2017) Kat:3,14776,3,6,3,05,14,4,0,,0,1,0,0
"POINT (9.763985477000063 52.343650997000054)",Unfall 14777 (2017) Kat:3,14777,3,2,3,05,14,4,0,,1,0,0,0
"POINT (9.733342253000046 52.420787392000079)",Unfall 14778 (2017) Kat:3,14778,3,2,5,05,17,4,0,,1,0,0,0
"POINT (9.446396932000027 52.416739170000028)",Unfall 14779 (2017) Kat:2,14779,2,2,4,05,17,4,0,,0,1,0,1
"POINT (9.380972139000050 52.432994022000059)",Unfall 14780 (2017) Kat:2,14780,2,6,6,05,01,4,0,,1,0,1,0
"POINT (9.551544090000050 52.322753851000073)",Unfall 14781 (2017) Kat:3,14781,3,3,5,05,18,4,0,,1,1,0,0
"POINT (9.471037183000021 52.504206206000049)",Unfall 14782 (2017) Kat:3,14782,3,3,5,05,11,4,0,,1,1,0,0
"POINT (9.505926900000077 52.554747510000027)",Unfall 14783 (2017) Kat:3,14783,3,6,2,05,16,4,0,,0,1,0,0
"POINT (9.957871170000033 52.420338110000046)",Unfall 14784 (2017) Kat:3,14784,3,5,1,05,16,4,0,,0,1,0,0
"POINT (9.945259834000069 52.333456759000057)",Unfall 14785 (2017) Kat:3,14785,3,2,2,05,08,4,0,,0,1,0,0
"POINT (9.897321391000048 52.409356692000074)",Unfall 14786 (2017) Kat:3,14786,3,6,2,05,19,4,0,,0,1,0,0
"POINT (9.829612309000027 52.399809487000027)",Unfall 14787 (2017) Kat:3,14787,3,2,6,05,17,4,0,,0,0,1,0
"POINT (9.829619555000022 52.399805347000040)",Unfall 14790 (2017) Kat:3,14790,3,2,5,05,09,4,0,,1,1,0,0
"POINT (9.715151223000021 52.321388225000078)",Unfall 14791 (2017) Kat:2,14791,2,2,5,05,07,4,0,,1,1,0,0
"POINT (9.723466451000036 52.377701929000068)",Unfall 14844 (2017) Kat:3,14844,3,2,5,05,16,3,0,,1,1,0,0
"POINT (9.786335992000034 52.372227742000064)",Unfall 14845 (2017) Kat:3,14845,3,2,3,05,16,3,0,,1,1,0,0
"POINT (9.513931823000064 52.411990508000031)",Unfall 14846 (2017) Kat:3,14846,3,6,3,05,07,3,0,,0,1,0,1
"POINT (9.506735253000045 52.428898205000053)",Unfall 14847 (2017) Kat:3,14847,3,6,4,05,07,3,0,,0,1,0,0
"POINT (9.698673551000070 52.347416105000036)",Unfall 14900 (2017) Kat:3,14900,3,3,5,05,20,2,0,,0,1,0,1
"POINT (9.718406576000064 52.378431995000028)",Unfall 14901 (2017) Kat:3,14901,3,6,2,05,09,2,0,,0,1,0,0
"POINT (9.683344032000036 52.373806572000035)",Unfall 14902 (2017) Kat:3,14902,3,3,5,05,10,2,0,,0,1,0,1
"POINT (9.499252769000066 52.424517247000040)",Unfall 14903 (2017) Kat:3,14903,3,6,4,05,15,2,0,,0,1,0,0
"POINT (9.692096497000023 52.218851395000058)",Unfall 14904 (2017) Kat:3,14904,3,6,2,05,07,2,0,,0,1,0,0
"POINT (9.740436242000044 52.301827336000031)",Unfall 14905 (2017) Kat:2,14905,2,3,5,05,11,2,0,,0,1,0,1
"POINT (9.973448573000042 52.393624897000052)",Unfall 14906 (2017) Kat:3,14906,3,6,4,05,16,2,0,,0,1,0,0
"POINT (9.858793808000030 52.433476333000044)",Unfall 14907 (2017) Kat:2,14907,2,4,6,05,13,2,0,,1,0,1,0
"POINT (9.823630585000046 52.463325502000032)",Unfall 14908 (2017) Kat:3,14908,3,2,3,05,06,2,0,,1,1,0,0
"POINT (10.077638157000024 52.518221465000067)",Unfall 14909 (2017) Kat:3,14909,3,6,0,05,18,2,0,,1,1,0,0
"POINT (9.427594561000035 52.545736176000048)",Unfall 14910 (2017) Kat:1,14910,1,3,5,05,10,2,0,,0,0,0,0
"POINT (9.756404660000044 52.370166162000032)",Unfall 14911 (2017) Kat:3,14911,3,2,5,05,10,2,0,,1,1,0,0
"POINT (9.498409551000066 52.402960104000044)",Unfall 14912 (2017) Kat:3,14912,3,6,2,05,14,2,0,,0,1,0,0
"POINT (9.470698033000076 52.301696024000080)",Unfall 14967 (2017) Kat:3,14967,3,1,0,05,21,1,1,,1,0,0,0
"POINT (9.498472331000073 52.402995738000072)",Unfall 14968 (2017) Kat:3,14968,3,6,2,05,12,1,0,,0,1,0,0
"POINT (9.677988691000053 52.360477248000052)",Unfall 15029 (2017) Kat:3,15029,3,2,2,05,08,4,0,,0,1,0,0
"POINT (9.694683072000032 52.419581245000074)",Unfall 15030 (2017) Kat:3,15030,3,2,5,05,20,4,0,,0,1,0,0
"POINT (9.463504750000027 52.525787463000029)",Unfall 15031 (2017) Kat:2,15031,2,6,3,05,16,4,0,,0,1,0,0
"POINT (9.651366138000071 52.419518777000064)",Unfall 15033 (2017) Kat:3,15033,3,2,5,05,13,4,0,,1,1,0,0
"POINT (9.831725633000076 52.385915676000081)",Unfall 15073 (2017) Kat:2,15073,2,7,0,05,12,3,0,,1,0,0,0
"POINT (9.733052795000049 52.422590762000027)",Unfall 15074 (2017) Kat:3,15074,3,4,6,05,07,3,0,,1,0,1,0
"POINT (9.459931429000051 52.306973346000063)",Unfall 15075 (2017) Kat:3,15075,3,3,5,05,15,3,0,,0,1,0,0
"POINT (9.759517069000026 52.452932732000079)",Unfall 15076 (2017) Kat:3,15076,3,2,5,05,16,3,0,,1,1,0,0
"POINT (9.855154780000021 52.491942963000042)",Unfall 15077 (2017) Kat:3,15077,3,7,0,05,18,3,0,,1,1,0,0
"POINT (10.024153578000039 52.432967703000031)",Unfall 15078 (2017) Kat:3,15078,3,3,5,05,11,3,0,,0,1,0,1
"POINT (9.757244932000049 52.426852678000046)",Unfall 15079 (2017) Kat:3,15079,3,7,6,05,10,3,0,,0,0,1,0
"POINT (9.707648129000063 52.379905898000061)",Unfall 15080 (2017) Kat:3,15080,3,6,2,05,15,3,0,,0,1,0,0
"POINT (9.773369766000030 52.370969505000062)",Unfall 15081 (2017) Kat:3,15081,3,6,2,05,14,3,0,,0,1,0,0
"POINT (9.847677408000038 52.436995185000058)",Unfall 15082 (2017) Kat:3,15082,3,3,5,05,12,3,0,,0,1,0,0
"POINT (9.783321819000037 52.323444389000031)",Unfall 15129 (2017) Kat:3,15129,3,1,8,05,16,2,0,,1,0,0,0
"POINT (9.395966667000039 52.457085047000078)",Unfall 15130 (2017) Kat:3,15130,3,7,4,05,14,2,0,,0,1,0,0
"POINT (9.467704230000038 52.423828635000064)",Unfall 15131 (2017) Kat:3,15131,3,2,3,05,16,2,0,,1,0,0,0
"POINT (9.450407078000069 52.426182882000035)",Unfall 15132 (2017) Kat:3,15132,3,7,0,05,13,2,0,,0,1,0,0
"POINT (9.463405174000059 52.430132735000029)",Unfall 15133 (2017) Kat:3,15133,3,3,5,05,08,2,0,,0,1,0,1
"POINT (9.684157658000061 52.214758449000044)",Unfall 15134 (2017) Kat:3,15134,3,3,5,05,05,2,0,,1,1,0,0
"POINT (9.629732997000076 52.263909030000036)",Unfall 15135 (2017) Kat:3,15135,3,6,2,05,16,2,0,,0,1,0,0
"POINT (10.011834358000044 52.480644372000029)",Unfall 15136 (2017) Kat:3,15136,3,2,2,05,15,2,0,,0,1,0,0
"POINT (9.723101981000070 52.377893332000042)",Unfall 15137 (2017) Kat:3,15137,3,2,0,05,19,2,0,,0,1,0,0
"POINT (9.649114592000046 52.424135710000030)",Unfall 15138 (2017) Kat:3,15138,3,6,3,05,15,2,0,,0,1,0,0
"POINT (9.646267375000036 52.423741584000027)",Unfall 15139 (2017) Kat:3,15139,3,6,2,05,07,2,0,,0,1,0,0
"POINT (9.894488370000033 52.397725513000069)",Unfall 15140 (2017) Kat:3,15140,3,6,2,05,08,2,0,,0,1,0,0
"POINT (9.892197484000064 52.293758274000027)",Unfall 15146 (2017) Kat:3,15146,3,6,2,05,14,2,0,,0,0,0,0
"POINT (9.408480709000060 52.461113327000078)",Unfall 15182 (2017) Kat:3,15182,3,1,8,05,07,1,0,,0,1,0,0
"POINT (9.507355600000039 52.477564332000043)",Unfall 15183 (2017) Kat:3,15183,3,7,0,05,03,1,0,,0,1,0,0
"POINT (9.631251139000028 52.505573294000044)",Unfall 15184 (2017) Kat:3,15184,3,3,5,05,10,1,0,,1,1,0,0
"POINT (9.945751072000064 52.289960752000070)",Unfall 15185 (2017) Kat:3,15185,3,1,8,05,22,1,0,,0,1,0,0
"POINT (9.857573410000043 52.387921646000052)",Unfall 15212 (2017) Kat:3,15212,3,6,2,05,11,7,0,,0,1,0,0
"POINT (9.726552225000035 52.234876861000032)",Unfall 15213 (2017) Kat:3,15213,3,6,3,05,17,7,0,,0,1,0,1
"POINT (9.973819907000063 52.385143057000050)",Unfall 15214 (2017) Kat:2,15214,2,1,8,05,14,7,0,,0,0,0,1
"POINT (9.942820616000063 52.442959735000045)",Unfall 15215 (2017) Kat:3,15215,3,6,2,05,10,7,0,,0,1,0,0
"POINT (9.900007163000055 52.398226704000081)",Unfall 15216 (2017) Kat:3,15216,3,6,0,05,18,7,0,,0,1,0,0
"POINT (9.832294575000049 52.422127896000063)",Unfall 15217 (2017) Kat:3,15217,3,6,8,05,17,7,0,,0,1,0,0
"POINT (9.750730972000042 52.595539985000073)",Unfall 15219 (2017) Kat:3,15219,3,6,2,05,09,7,0,,0,1,0,0
"POINT (9.404515020000076 52.331543929000077)",Unfall 15220 (2017) Kat:3,15220,3,6,2,05,09,7,0,,0,1,0,0
"POINT (9.877292374000035 52.352666315000079)",Unfall 15221 (2017) Kat:3,15221,3,7,3,05,03,7,0,,0,1,0,0
"POINT (9.613920468000060 52.316359408000039)",Unfall 15256 (2017) Kat:3,15256,3,2,2,05,12,6,0,,0,1,0,0
"POINT (9.601626951000071 52.325644050000051)",Unfall 15257 (2017) Kat:3,15257,3,2,2,05,08,6,0,,0,0,0,0
"POINT (9.858068896000077 52.482838779000076)",Unfall 15258 (2017) Kat:3,15258,3,2,2,05,12,6,1,,0,1,0,1
"POINT (9.694755567000073 52.419535759000041)",Unfall 15259 (2017) Kat:2,15259,2,3,5,05,11,6,1,,0,1,0,0
"POINT (9.753306998000028 52.369999533000055)",Unfall 15260 (2017) Kat:2,15260,2,3,5,05,08,6,0,,1,1,0,0
"POINT (9.697752353000055 52.377128287000062)",Unfall 15310 (2017) Kat:3,15310,3,6,2,05,19,5,1,,0,1,0,0
"POINT (9.762534930000072 52.342325981000045)",Unfall 15311 (2017) Kat:3,15311,3,6,2,05,14,5,0,,0,1,0,0
"POINT (9.383237701000041 52.457043029000033)",Unfall 15312 (2017) Kat:3,15312,3,2,2,05,15,5,0,,0,1,0,0
"POINT (9.592709211000056 52.405904446000079)",Unfall 15313 (2017) Kat:3,15313,3,6,4,05,11,5,0,,0,1,0,0
"POINT (9.626449174000072 52.268240810000066)",Unfall 15314 (2017) Kat:3,15314,3,2,5,05,12,5,0,,0,1,0,0
"POINT (9.941559732000030 52.498816622000049)",Unfall 15315 (2017) Kat:3,15315,3,3,5,05,14,5,0,,1,1,0,0
"POINT (9.877428374000033 52.582876911000028)",Unfall 15316 (2017) Kat:3,15316,3,7,8,05,03,5,0,,0,1,0,0
"POINT (10.012475759000040 52.449501952000048)",Unfall 15317 (2017) Kat:3,15317,3,6,2,05,17,5,1,,0,1,0,0
"POINT (9.724993256000062 52.376728015000026)",Unfall 15318 (2017) Kat:3,15318,3,7,5,05,10,5,0,,0,1,0,0
"POINT (9.784576100000038 52.321355233000077)",Unfall 15320 (2017) Kat:3,15320,3,1,8,05,09,4,0,,0,1,0,0
"POINT (9.726289665000024 52.380792761000066)",Unfall 15321 (2017) Kat:3,15321,3,7,0,05,10,4,0,,1,0,0,0
"POINT (9.678379183000061 52.230046088000051)",Unfall 15363 (2017) Kat:3,15363,3,1,8,05,22,3,0,,0,1,0,0
"POINT (9.646154054000022 52.403887599000029)",Unfall 15364 (2017) Kat:3,15364,3,2,5,05,08,3,1,,1,1,0,0
"POINT (9.747262620000072 52.323978640000064)",Unfall 15365 (2017) Kat:3,15365,3,3,5,05,16,3,1,,1,1,0,0
"POINT (9.667470844000036 52.340783641000030)",Unfall 15366 (2017) Kat:3,15366,3,2,5,05,10,3,0,,1,1,0,0
"POINT (9.665585494000027 52.339057807000074)",Unfall 15367 (2017) Kat:3,15367,3,3,5,05,08,3,0,,1,1,0,0
"POINT (9.629684994000058 52.330486164000035)",Unfall 15368 (2017) Kat:3,15368,3,7,9,05,02,3,0,,0,1,0,0
"POINT (9.731458798000062 52.433087852000028)",Unfall 15369 (2017) Kat:3,15369,3,5,3,05,16,3,1,,0,1,0,0
"POINT (9.753141647000064 52.369978446000061)",Unfall 15372 (2017) Kat:3,15372,3,2,5,05,17,4,0,,1,1,0,0
"POINT (9.697343644000057 52.341715923000038)",Unfall 15374 (2017) Kat:3,15374,3,3,5,05,16,3,1,,0,1,0,0