WKT,Name,OBJECTID,UKATEGORIE,UTYP1,UART,UMONAT,USTUNDE,UWOCHENTAG,STRZUSTAND,ULICHTVERH,ISTRAD,ISTPKW,ISTFUSS,ISTKRAD
"POINT (9.835819018000052 52.354985193000061)",Unfall 23797 (2017) Kat:3,23797,3,6,3,10,19,3,1,,0,1,0,0
"POINT (9.458783385000061 52.305589610000027)",Unfall 23798 (2017) Kat:3,23798,3,6,2,10,07,3,1,,0,1,0,0
"POINT (9.728419005000035 52.497575656000038)",Unfall 23799 (2017) Kat:3,23799,3,6,2,10,08,3,1,,0,1,0,0
"POINT (9.678245243000049 52.362758731000042)",Unfall 23800 (2017) Kat:3,23800,3,4,6,10,19,3,1,,0,1,1,0
"POINT (9.793280277000065 52.393671197000060)",Unfall 23801 (2017) Kat:3,23801,3,2,3,10,19,3,1,,0,1,0,0
"POINT (9.517502806000039 52.413766921000047)",Unfall 23802 (2017) Kat:3,23802,3,7,7,10,21,3,1,,0,1,0,0
"POINT (9.730170915000031 52.368705924000039)",Unfall 23804 (2017) Kat:3,23804,3,3,5,11,13,5,0,,1,1,0,0
"POINT (9.756122967000067 52.352921963000028)",Unfall 23805 (2017) Kat:3,23805,3,2,0,10,12,3,1,,1,0,0,1
"POINT (9.863734209000029 52.331888588000027)",Unfall 23806 (2017) Kat:3,23806,3,6,3,10,08,3,0,,0,1,0,0
"POINT (10.117491953000069 52.363686130000076)",Unfall 23810 (2017) Kat:3,23810,3,6,2,10,06,3,0,,0,1,0,0
"POINT (9.853243518000056 52.564532310000061)",Unfall 23844 (2017) Kat:3,23844,3,2,3,11,12,6,1,,1,1,0,0
"POINT (9.715016731000048 52.360576511000033)",Unfall 23860 (2017) Kat:3,23860,3,1,0,10,16,1,1,,0,0,0,1
"POINT (9.458022673000073 52.426520470000071)",Unfall 23863 (2017) Kat:3,23863,3,1,0,10,15,1,1,,0,1,0,0
"POINT (9.474239859000022 52.389281793000066)",Unfall 23888 (2017) Kat:3,23888,3,3,5,10,14,1,1,,0,1,0,0
"POINT (9.760067971000069 52.452979564000032)",Unfall 23889 (2017) Kat:3,23889,3,6,2,10,17,1,1,,0,1,0,0
"POINT (9.679780881000056 52.309543815000040)",Unfall 23906 (2017) Kat:3,23906,3,2,4,11,18,2,0,,1,1,0,0
"POINT (9.737262482000062 52.305355033000069)",Unfall 23913 (2017) Kat:3,23913,3,6,4,11,17,2,0,,1,0,0,0
"POINT (9.931057359000022 52.339492496000048)",Unfall 23914 (2017) Kat:3,23914,3,4,6,11,21,2,1,,0,1,1,0
"POINT (9.716503722000027 52.287041390000070)",Unfall 23915 (2017) Kat:3,23915,3,2,5,11,12,2,0,,0,1,0,0
"POINT (9.861360191000074 52.307151694000027)",Unfall 23917 (2017) Kat:3,23917,3,6,2,11,08,2,1,,0,1,0,0
"POINT (9.668129516000022 52.343893345000026)",Unfall 23932 (2017) Kat:3,23932,3,2,6,11,06,2,1,,0,1,1,0
"POINT (9.725160626000047 52.380289414000060)",Unfall 23963 (2017) Kat:3,23963,3,6,3,11,19,1,1,,0,1,0,0
"POINT (9.515483952000068 52.473013926000078)",Unfall 23965 (2017) Kat:3,23965,3,1,8,11,13,1,1,,0,1,0,0
"POINT (9.620281417000058 52.439757391000057)",Unfall 23967 (2017) Kat:3,23967,3,3,5,11,11,1,1,,0,1,0,0
"POINT (9.861832305000064 52.369129931000032)",Unfall 23970 (2017) Kat:3,23970,3,7,0,11,22,1,1,,1,0,0,0
"POINT (9.679615374000036 52.324947545000043)",Unfall 23973 (2017) Kat:3,23973,3,1,8,11,14,1,2,,0,1,0,0
"POINT (9.727109526000049 52.366943742000046)",Unfall 23975 (2017) Kat:3,23975,3,2,3,11,07,6,1,,1,1,0,0
"POINT (9.751184808000062 52.359239793000029)",Unfall 23977 (2017) Kat:3,23977,3,2,4,11,07,6,1,,0,1,0,0
"POINT (9.792750027000068 52.394356349000077)",Unfall 23980 (2017) Kat:3,23980,3,6,2,11,18,6,0,,0,1,0,0
"POINT (9.745639959000073 52.209380558000078)",Unfall 23982 (2017) Kat:3,23982,3,2,5,11,12,6,0,,0,1,0,0
"POINT (9.587363964000076 52.582583123000063)",Unfall 23987 (2017) Kat:3,23987,3,6,4,11,15,6,1,,0,1,0,0
"POINT (9.427792474000057 52.560756707000053)",Unfall 23988 (2017) Kat:3,23988,3,7,8,11,01,2,1,,0,1,0,0
"POINT (9.946254978000070 52.371389798000052)",Unfall 23989 (2017) Kat:3,23989,3,6,2,11,11,6,1,,0,1,0,0
"POINT (9.458910958000047 52.330933501000061)",Unfall 23991 (2017) Kat:3,23991,3,6,2,11,09,2,1,,0,1,0,0
"POINT (9.690453010000056 52.442328910000072)",Unfall 23992 (2017) Kat:3,23992,3,2,5,11,19,6,1,,0,1,0,0
"POINT (9.746669473000054 52.365142607000053)",Unfall 23993 (2017) Kat:3,23993,3,4,6,11,21,2,1,,0,1,1,0
"POINT (9.662566234000053 52.551724675000060)",Unfall 23994 (2017) Kat:3,23994,3,7,9,11,14,2,0,,0,1,0,0
"POINT (10.206841602000054 52.463496824000060)",Unfall 23995 (2017) Kat:3,23995,3,3,5,11,08,6,1,,0,1,0,0
"POINT (9.995910457000036 52.387993366000046)",Unfall 23996 (2017) Kat:3,23996,3,6,2,11,19,6,1,,0,1,0,0
"POINT (9.638552601000072 52.422261934000062)",Unfall 23997 (2017) Kat:3,23997,3,6,2,11,16,6,1,,0,1,0,0
"POINT (9.937121605000073 52.392807091000066)",Unfall 23999 (2017) Kat:3,23999,3,6,2,11,15,6,0,,0,1,0,0
"POINT (9.671599835000052 52.440578132000041)",Unfall 24008 (2017) Kat:3,24008,3,3,5,11,17,2,0,,1,1,0,0
"POINT (10.119458956000074 52.363653050000039)",Unfall 24010 (2017) Kat:3,24010,3,6,2,11,16,1,1,,0,1,0,0
"POINT (9.775994550000064 52.553365137000071)",Unfall 24011 (2017) Kat:2,24011,2,3,5,11,20,2,0,,0,1,0,0
"POINT (9.737104320000071 52.368336571000043)",Unfall 24014 (2017) Kat:3,24014,3,6,2,11,17,2,0,,0,1,0,0
"POINT (9.722979650000070 52.358222060000060)",Unfall 24015 (2017) Kat:3,24015,3,2,2,11,12,6,1,,0,1,0,0
"POINT (9.760059053000077 52.427185878000046)",Unfall 24018 (2017) Kat:3,24018,3,6,2,11,13,2,0,,0,1,0,0
"POINT (10.035141986000042 52.378380653000079)",Unfall 24031 (2017) Kat:3,24031,3,6,3,11,07,2,1,,0,1,0,0
"POINT (9.690426228000035 52.346860668000033)",Unfall 24036 (2017) Kat:3,24036,3,6,2,11,06,6,1,,0,1,0,0
"POINT (9.697593496000025 52.375288655000077)",Unfall 24058 (2017) Kat:3,24058,3,6,2,11,17,1,0,,0,1,0,0
"POINT (9.834468574000027 52.420449231000077)",Unfall 24060 (2017) Kat:3,24060,3,6,3,11,05,2,0,,0,1,0,0
"POINT (9.728277447000039 52.381590598000059)",Unfall 24061 (2017) Kat:3,24061,3,2,5,11,14,1,0,,1,1,0,0
"POINT (9.641605547000040 52.414786074000062)",Unfall 24071 (2017) Kat:3,24071,3,6,2,11,13,2,1,,0,0,0,1
"POINT (9.713334230000044 52.314771764000056)",Unfall 24080 (2017) Kat:3,24080,3,3,5,11,05,2,1,,1,1,0,0
"POINT (9.885173774000066 52.357883326000035)",Unfall 24088 (2017) Kat:3,24088,3,1,9,11,23,1,1,,0,0,0,1
"POINT (9.654499688000044 52.407815871000082)",Unfall 24089 (2017) Kat:3,24089,3,6,2,11,15,7,1,,0,1,0,0
"POINT (9.645797946000073 52.413918526000032)",Unfall 24090 (2017) Kat:3,24090,3,6,2,11,13,7,1,,0,1,0,0
"POINT (9.872484317000044 52.310671492000040)",Unfall 24092 (2017) Kat:3,24092,3,2,5,11,17,7,1,,0,1,0,0
"POINT (9.819213379000075 52.310446934000026)",Unfall 24093 (2017) Kat:3,24093,3,6,2,11,17,7,1,,0,1,0,0
"POINT (9.806769008000060 52.336412995000046)",Unfall 24096 (2017) Kat:3,24096,3,6,2,11,17,7,1,,0,1,0,0
"POINT (9.779945684000040 52.327371321000044)",Unfall 24098 (2017) Kat:3,24098,3,5,3,11,14,7,1,,0,1,0,0
"POINT (10.110848218000058 52.456994467000072)",Unfall 24168 (2017) Kat:3,24168,3,7,7,11,20,2,1,,0,1,0,0
"POINT (9.722203983000043 52.378352025000027)",Unfall 24170 (2017) Kat:3,24170,3,2,5,11,18,5,1,,1,1,0,0
"POINT (9.574526674000026 52.281732583000064)",Unfall 24171 (2017) Kat:3,24171,3,2,2,11,07,5,0,,0,1,0,0
"POINT (9.830099658000052 52.417114613000081)",Unfall 24172 (2017) Kat:3,24172,3,4,6,11,15,2,0,,0,1,1,0
"POINT (9.545923380000033 52.462047393000034)",Unfall 24173 (2017) Kat:3,24173,3,1,0,11,15,5,1,,1,0,0,0
"POINT (9.763720727000077 52.551324153000053)",Unfall 24175 (2017) Kat:3,24175,3,3,5,11,17,5,0,,1,1,0,0
"POINT (10.118626111000026 52.457379288000027)",Unfall 24190 (2017) Kat:3,24190,3,2,5,11,17,5,0,,0,1,0,0
"POINT (9.864574547000075 52.404481543000031)",Unfall 24193 (2017) Kat:3,24193,3,6,3,11,18,5,1,,0,1,0,0
"POINT (9.872470526000029 52.310669495000070)",Unfall 24196 (2017) Kat:3,24196,3,2,5,11,15,5,0,,0,1,0,0
"POINT (9.633705218000046 52.411264704000075)",Unfall 24199 (2017) Kat:3,24199,3,1,8,11,12,5,0,,0,1,0,0
"POINT (9.787018349000050 52.563912589000040)",Unfall 24201 (2017) Kat:3,24201,3,6,2,11,12,5,0,,0,1,0,0
"POINT (9.843530595000061 52.415332335000073)",Unfall 24202 (2017) Kat:3,24202,3,6,3,11,05,5,0,,0,1,0,0
"POINT (9.786931820000064 52.390189929000030)",Unfall 24204 (2017) Kat:3,24204,3,6,2,11,06,5,1,,0,1,0,0
"POINT (9.697731600000054 52.377145645000041)",Unfall 24274 (2017) Kat:3,24274,3,6,2,11,06,6,1,,0,1,0,0
"POINT (10.066015805000063 52.369580742000039)",Unfall 24275 (2017) Kat:2,24275,2,6,3,11,22,6,1,,0,1,0,0
"POINT (9.768782859000055 52.338111240000046)",Unfall 24277 (2017) Kat:3,24277,3,2,5,11,19,6,0,,0,1,0,0
"POINT (9.702515638000023 52.430443285000081)",Unfall 24278 (2017) Kat:3,24278,3,6,2,11,17,6,0,,0,1,0,0
"POINT (9.928161073000069 52.347789232000082)",Unfall 24279 (2017) Kat:2,24279,2,2,2,11,11,1,1,,0,1,0,0
"POINT (9.786859694000043 52.372178041000041)",Unfall 24281 (2017) Kat:3,24281,3,5,0,11,14,6,0,,0,1,0,0
"POINT (9.720264274000044 52.391659249000043)",Unfall 24282 (2017) Kat:2,24282,2,1,0,11,13,1,1,,1,0,0,0
"POINT (9.898185802000057 52.290044471000044)",Unfall 24294 (2017) Kat:3,24294,3,6,2,11,09,6,0,,0,0,0,0
"POINT (9.724275316000046 52.337055607000082)",Unfall 24343 (2017) Kat:3,24343,3,6,2,11,16,2,0,,0,1,0,0
"POINT (9.642638522000027 52.414627968000048)",Unfall 24345 (2017) Kat:3,24345,3,6,2,11,05,4,1,,0,1,0,0
"POINT (9.720318648000045 52.337999680000053)",Unfall 24363 (2017) Kat:3,24363,3,2,5,11,21,4,0,,0,1,0,0
"POINT (9.463246110000057 52.513216748000048)",Unfall 24366 (2017) Kat:3,24366,3,6,2,11,11,4,1,,0,1,0,0
"POINT (10.027490694000051 52.352376143000072)",Unfall 24369 (2017) Kat:3,24369,3,1,9,11,17,4,1,,0,1,0,0
"POINT (9.717039320000026 52.346365527000046)",Unfall 24370 (2017) Kat:3,24370,3,2,6,11,18,4,0,,0,1,1,0
"POINT (9.943741717000023 52.391967053000030)",Unfall 24372 (2017) Kat:3,24372,3,6,3,11,15,4,0,,0,1,0,0
"POINT (9.977286421000031 52.375110402000075)",Unfall 24393 (2017) Kat:3,24393,3,2,5,11,05,2,1,,1,1,0,0
"POINT (9.858972866000045 52.386794500000065)",Unfall 24402 (2017) Kat:3,24402,3,6,2,11,13,7,1,,0,1,0,0
"POINT (9.734630560000028 52.391656146000059)",Unfall 24405 (2017) Kat:3,24405,3,4,6,11,23,7,0,,0,1,1,0
"POINT (9.724195920000057 52.379756113000042)",Unfall 24422 (2017) Kat:2,24422,2,2,2,11,09,7,1,,0,1,0,0
"POINT (9.722097775000066 52.326870485000029)",Unfall 24486 (2017) Kat:3,24486,3,6,2,11,10,7,1,,0,1,0,0
"POINT (9.727540809000061 52.510739679000039)",Unfall 24487 (2017) Kat:3,24487,3,6,2,11,14,7,1,,0,1,0,0
"POINT (9.811643381000067 52.510289294000074)",Unfall 24488 (2017) Kat:3,24488,3,6,3,11,12,7,1,,0,1,0,0
"POINT (9.731693724000024 52.369431441000074)",Unfall 24499 (2017) Kat:3,24499,3,3,5,11,15,5,0,,1,1,0,0
"POINT (9.713928878000047 52.366602503000081)",Unfall 24500 (2017) Kat:3,24500,3,4,6,11,22,5,1,,0,1,1,0
"POINT (9.662334010000052 52.214226435000057)",Unfall 24502 (2017) Kat:2,24502,2,7,9,11,00,7,1,,0,1,0,0
"POINT (9.745944801000064 52.366436296000074)",Unfall 24504 (2017) Kat:3,24504,3,7,0,11,16,5,0,,1,0,0,0
"POINT (9.788191631000075 52.454777667000030)",Unfall 24507 (2017) Kat:3,24507,3,6,2,11,13,5,0,,0,1,0,0
"POINT (10.024239221000073 52.432906914000057)",Unfall 24510 (2017) Kat:3,24510,3,3,5,11,16,5,0,,0,1,0,1
"POINT (9.633172779000063 52.252340720000063)",Unfall 24512 (2017) Kat:3,24512,3,6,2,11,08,5,0,,0,1,0,0
"POINT (9.648197595000056 52.412832940000044)",Unfall 24534 (2017) Kat:3,24534,3,6,2,11,12,3,1,,0,1,0,0
"POINT (9.818802813000048 52.294892275000052)",Unfall 24535 (2017) Kat:3,24535,3,2,5,11,07,3,1,,0,1,0,0
"POINT (9.776447486000052 52.328803020000066)",Unfall 24537 (2017) Kat:3,24537,3,3,5,11,16,3,0,,1,1,0,0
"POINT (9.736269250000021 52.397667530000035)",Unfall 24538 (2017) Kat:3,24538,3,2,2,11,20,3,1,,0,1,0,0
"POINT (9.480854472000033 52.458465800000056)",Unfall 24539 (2017) Kat:3,24539,3,2,2,11,06,3,1,,0,1,0,1
"POINT (9.726380506000055 52.569285739000065)",Unfall 24541 (2017) Kat:3,24541,3,2,5,11,19,2,1,,0,1,0,0
"POINT (9.731746918000056 52.475669537000044)",Unfall 24574 (2017) Kat:3,24574,3,2,3,11,15,3,1,,0,1,0,1
"POINT (9.734776447000058 52.407364444000052)",Unfall 24579 (2017) Kat:3,24579,3,2,5,11,14,3,1,,1,1,0,0
"POINT (9.745279185000072 52.367041207000057)",Unfall 24581 (2017) Kat:2,24581,2,3,5,11,07,3,1,,1,1,0,0
"POINT (9.857818951000070 52.407777512000052)",Unfall 24584 (2017) Kat:2,24584,2,6,2,11,09,3,1,,0,1,0,0
"POINT (10.013047058000041 52.445538686000077)",Unfall 24601 (2017) Kat:3,24601,3,6,2,11,07,2,1,,0,1,0,0
"POINT (9.857575854000061 52.306753433000040)",Unfall 24650 (2017) Kat:3,24650,3,6,2,11,17,4,1,,0,1,0,0
"POINT (9.810242442000060 52.306195779000063)",Unfall 24653 (2017) Kat:3,24653,3,5,3,11,12,4,1,,0,1,0,0
"POINT (9.528073102000064 52.270837409000080)",Unfall 24655 (2017) Kat:3,24655,3,5,8,11,14,4,1,,0,1,0,0
"POINT (9.824739412000042 52.414038301000062)",Unfall 24658 (2017) Kat:1,24658,1,7,0,11,17,4,0,,0,0,1,0
"POINT (9.696321802000057 52.379868623000050)",Unfall 24661 (2017) Kat:3,24661,3,6,2,11,14,4,1,,0,1,0,0
"POINT (9.768493215000035 52.338131592000082)",Unfall 24662 (2017) Kat:3,24662,3,6,2,11,14,4,1,,0,1,0,1
"POINT (9.868229502000077 52.309713620000082)",Unfall 24664 (2017) Kat:3,24664,3,2,5,11,09,4,1,,0,1,0,0
"POINT (9.779105234000042 52.327706319000072)",Unfall 24693 (2017) Kat:3,24693,3,1,9,11,05,2,1,,0,0,0,1
"POINT (9.863744169000029 52.434246643000051)",Unfall 24756 (2017) Kat:3,24756,3,4,6,11,19,2,1,,0,1,1,0
"POINT (9.707363907000058 52.424368731000072)",Unfall 24760 (2017) Kat:3,24760,3,3,5,11,15,2,0,,0,1,0,0
"POINT (9.860773754000036 52.357550447000051)",Unfall 24788 (2017) Kat:3,24788,3,6,3,11,18,3,1,,0,1,0,0
"POINT (9.776080243000024 52.269225140000060)",Unfall 24789 (2017) Kat:3,24789,3,6,2,11,07,3,0,,0,1,0,0
"POINT (9.621928823000076 52.393048114000067)",Unfall 24790 (2017) Kat:3,24790,3,6,2,11,13,3,0,,0,1,0,0
"POINT (9.574641225000050 52.273650627000052)",Unfall 24791 (2017) Kat:2,24791,2,4,6,11,17,3,1,,0,1,1,0
"POINT (9.787702209000031 52.356623440000078)",Unfall 24798 (2017) Kat:3,24798,3,6,2,11,17,2,1,,0,1,0,0
"POINT (9.648888763000059 52.391367247000062)",Unfall 24800 (2017) Kat:3,24800,3,6,4,11,10,2,1,,0,1,0,0
"POINT (9.462290061000033 52.305053811000050)",Unfall 24801 (2017) Kat:2,24801,2,3,5,11,17,2,1,,1,1,0,0
"POINT (9.585390662000066 52.435243831000037)",Unfall 24803 (2017) Kat:3,24803,3,2,2,11,15,2,1,,0,1,0,0
"POINT (9.680613624000046 52.440776492000055)",Unfall 24804 (2017) Kat:3,24804,3,6,2,11,17,2,1,,0,1,0,0
"POINT (9.670784371000025 52.441330432000029)",Unfall 24806 (2017) Kat:3,24806,3,2,5,11,04,2,1,,0,1,0,0
"POINT (9.861757704000070 52.493992277000075)",Unfall 24807 (2017) Kat:3,24807,3,3,5,11,12,2,1,,0,1,0,0
"POINT (9.859954347000041 52.490147195000077)",Unfall 24810 (2017) Kat:3,24810,3,3,5,11,19,2,1,,0,1,0,0
"POINT (9.849116783000056 52.563984526000070)",Unfall 24812 (2017) Kat:3,24812,3,6,2,11,16,2,1,,0,1,0,0
"POINT (9.830656303000069 52.422788026000035)",Unfall 24814 (2017) Kat:3,24814,3,6,2,11,17,2,1,,0,1,0,0
"POINT (9.826364507000051 52.424794909000070)",Unfall 24817 (2017) Kat:3,24817,3,6,0,11,15,2,1,,0,1,0,0
"POINT (9.714654459000030 52.398601120000080)",Unfall 24820 (2017) Kat:2,24820,2,1,0,11,17,2,1,,0,0,0,1
"POINT (9.958515742000031 52.390389800000037)",Unfall 24823 (2017) Kat:3,24823,3,6,2,11,14,2,1,,0,1,0,0
"POINT (9.827193348000037 52.347252500000081)",Unfall 24825 (2017) Kat:2,24825,2,6,0,11,13,2,1,,0,1,0,0
"POINT (9.811000267000054 52.382684616000063)",Unfall 24828 (2017) Kat:3,24828,3,3,5,11,11,2,1,,0,1,0,0
"POINT (9.821512691000066 52.339196680000043)",Unfall 24832 (2017) Kat:3,24832,3,2,6,11,07,2,0,,0,1,1,0
"POINT (9.722203983000043 52.378352025000027)",Unfall 24893 (2017) Kat:3,24893,3,6,2,12,18,1,1,,0,1,0,0
"POINT (9.401371498000060 52.333002587000067)",Unfall 24894 (2017) Kat:3,24894,3,6,2,12,18,1,1,,0,1,0,0
"POINT (10.132728632000067 52.369767335000063)",Unfall 24895 (2017) Kat:3,24895,3,1,8,12,09,1,2,,0,1,1,0
"POINT (9.725201901000048 52.460981282000034)",Unfall 24896 (2017) Kat:3,24896,3,1,9,12,05,1,2,,0,0,0,0
"POINT (9.608721199000058 52.318571348000035)",Unfall 24943 (2017) Kat:3,24943,3,3,5,12,13,7,1,,1,1,0,0
"POINT (9.457010499000035 52.504886285000055)",Unfall 24944 (2017) Kat:3,24944,3,2,6,12,22,7,1,,0,1,1,0
"POINT (9.739914760000033 52.319807561000061)",Unfall 24945 (2017) Kat:2,24945,2,3,5,12,14,7,1,,0,1,0,1
"POINT (10.101392554000029 52.364359432000072)",Unfall 24946 (2017) Kat:3,24946,3,6,2,12,11,7,1,,0,1,0,0
"POINT (9.750590748000036 52.427241546000062)",Unfall 24947 (2017) Kat:2,24947,2,7,2,12,02,7,1,,0,1,0,0
"POINT (9.720205937000060 52.337783047000073)",Unfall 24972 (2017) Kat:3,24972,3,6,3,11,17,3,0,,0,1,0,0
"POINT (9.734878170000059 52.391352196000071)",Unfall 24976 (2017) Kat:3,24976,3,2,6,11,17,3,0,,0,1,1,0
"POINT (9.665285220000044 52.428080901000044)",Unfall 24977 (2017) Kat:3,24977,3,1,9,11,18,3,0,,0,1,0,0
"POINT (9.628758471000026 52.295029539000041)",Unfall 24979 (2017) Kat:1,24979,1,7,0,11,17,3,0,,0,1,0,0
"POINT (9.846643338000035 52.430657517000043)",Unfall 24980 (2017) Kat:3,24980,3,3,5,11,07,3,0,,1,0,0,0
"POINT (9.682591467000066 52.326471563000041)",Unfall 24995 (2017) Kat:3,24995,3,3,5,12,07,6,1,,0,1,0,0
"POINT (9.735552627000061 52.403539075000026)",Unfall 24996 (2017) Kat:3,24996,3,3,5,12,21,6,0,,1,1,0,0
"POINT (9.729862383000068 52.382119406000072)",Unfall 24997 (2017) Kat:3,24997,3,6,3,12,14,6,1,,0,1,0,0
"POINT (9.449126443000068 52.436236858000029)",Unfall 24998 (2017) Kat:3,24998,3,2,5,12,17,6,1,,1,1,0,0
"POINT (9.526451935000068 52.340679174000059)",Unfall 24999 (2017) Kat:3,24999,3,6,2,12,18,6,1,,0,1,0,0
"POINT (9.687199540000052 52.214796033000027)",Unfall 25000 (2017) Kat:2,25000,2,6,4,12,14,6,1,,0,0,0,0
"POINT (9.405604016000041 52.332252413000049)",Unfall 25001 (2017) Kat:3,25001,3,6,2,12,16,6,1,,0,1,0,0
"POINT (9.791828208000027 52.335039474000041)",Unfall 25002 (2017) Kat:3,25002,3,3,5,12,12,6,1,,1,1,0,0
"POINT (9.756794762000027 52.312838746000068)",Unfall 25059 (2017) Kat:2,25059,2,1,0,11,08,5,2,,1,0,0,0
"POINT (9.470255716000054 52.301434198000038)",Unfall 25060 (2017) Kat:3,25060,3,2,6,11,17,5,0,,0,1,1,0
"POINT (9.903312736000032 52.587224533000040)",Unfall 25061 (2017) Kat:3,25061,3,1,8,11,12,5,1,,0,1,0,0
"POINT (9.744798165000077 52.367440533000035)",Unfall 25062 (2017) Kat:3,25062,3,3,5,11,18,5,0,,1,1,0,0
"POINT (9.817595900000072 52.305247559000065)",Unfall 25063 (2017) Kat:3,25063,3,5,1,11,13,5,0,,1,1,0,0
"POINT (9.765958359000024 52.343102462000047)",Unfall 25064 (2017) Kat:3,25064,3,6,2,11,07,5,1,,0,1,0,0
"POINT (9.731113147000031 52.383602963000044)",Unfall 25110 (2017) Kat:3,25110,3,2,5,11,08,4,0,,1,1,0,0
"POINT (9.782666139000071 52.324269570000070)",Unfall 25111 (2017) Kat:3,25111,3,3,5,11,18,4,0,,1,1,0,0
"POINT (9.575455145000035 52.270132511000043)",Unfall 25112 (2017) Kat:2,25112,2,3,5,11,13,4,0,,0,1,0,0
"POINT (9.697702897000056 52.377171158000067)",Unfall 25147 (2017) Kat:3,25147,3,6,2,11,17,3,1,,0,1,0,0
"POINT (9.861791939000057 52.368611443000077)",Unfall 25149 (2017) Kat:3,25149,3,2,0,11,05,3,1,,0,0,0,1
"POINT (9.723785611000039 52.377535557000044)",Unfall 25172 (2017) Kat:3,25172,3,6,2,12,18,7,1,,0,1,0,0
"POINT (9.818975456000032 52.410335217000068)",Unfall 25173 (2017) Kat:3,25173,3,2,5,12,19,7,1,,1,1,0,0
"POINT (9.629887980000035 52.237631797000063)",Unfall 25174 (2017) Kat:3,25174,3,1,1,12,04,7,2,,0,1,0,0
"POINT (9.630769183000041 52.238399290000075)",Unfall 25175 (2017) Kat:3,25175,3,1,9,12,04,7,2,,0,0,0,0
"POINT (9.494102658000031 52.485328250000066)",Unfall 25176 (2017) Kat:3,25176,3,1,8,12,05,7,1,,0,1,0,0
"POINT (9.809862588000044 52.334001885000077)",Unfall 25177 (2017) Kat:3,25177,3,6,2,12,16,7,1,,0,1,0,0
"POINT (9.832135388000040 52.386037512000030)",Unfall 25178 (2017) Kat:2,25178,2,3,5,12,12,7,0,,1,1,0,0
"POINT (9.523189683000055 52.468483692000063)",Unfall 25179 (2017) Kat:2,25179,2,1,8,12,03,7,2,,0,1,0,0
"POINT (9.934509910000031 52.368928728000071)",Unfall 25230 (2017) Kat:2,25230,2,7,4,12,16,6,2,,0,1,0,0
"POINT (9.831453434000025 52.422369332000073)",Unfall 25231 (2017) Kat:3,25231,3,6,2,12,19,6,1,,0,1,0,0
"POINT (9.845767519000049 52.413522683000053)",Unfall 25232 (2017) Kat:3,25232,3,6,2,12,17,6,1,,0,0,0,0
"POINT (9.661387551000075 52.376960946000054)",Unfall 25233 (2017) Kat:3,25233,3,3,5,12,16,6,1,,0,1,0,0
"POINT (9.732598568000071 52.423292409000055)",Unfall 25234 (2017) Kat:3,25234,3,6,2,12,08,6,0,,0,1,0,0
"POINT (9.928905084000064 52.393851466000058)",Unfall 25235 (2017) Kat:3,25235,3,6,2,12,11,6,0,,0,0,0,0
"POINT (9.722399684000038 52.378519364000056)",Unfall 25236 (2017) Kat:3,25236,3,2,5,12,07,6,0,,1,1,0,0
"POINT (9.744004551000046 52.427347640000050)",Unfall 25237 (2017) Kat:3,25237,3,6,2,12,07,6,1,,0,1,0,0
"POINT (9.598646607000035 52.394605586000068)",Unfall 25310 (2017) Kat:3,25310,3,3,5,12,16,5,0,,1,1,0,0
"POINT (9.575210647000063 52.418998294000062)",Unfall 25311 (2017) Kat:3,25311,3,2,4,12,10,5,0,,0,1,0,0
"POINT (9.733894592000070 52.438624105000031)",Unfall 25312 (2017) Kat:3,25312,3,3,0,12,16,5,1,,1,0,0,0
"POINT (9.734080032000065 52.412240577000034)",Unfall 25313 (2017) Kat:2,25313,2,2,6,12,20,5,1,,0,1,1,0
"POINT (9.807536572000061 52.335878094000066)",Unfall 25314 (2017) Kat:3,25314,3,6,2,12,17,5,0,,0,1,0,0
"POINT (9.646809831000041 52.398010013000032)",Unfall 25315 (2017) Kat:2,25315,2,2,5,12,15,5,0,,0,1,0,1
"POINT (9.659534215000065 52.356692852000037)",Unfall 25316 (2017) Kat:2,25316,2,2,5,12,14,5,0,,1,1,0,0
"POINT (9.745627949000038 52.366904235000050)",Unfall 25349 (2017) Kat:3,25349,3,6,2,12,17,4,1,,0,1,0,0
"POINT (9.728794290000053 52.317986225000027)",Unfall 25350 (2017) Kat:3,25350,3,6,4,12,17,4,0,,0,1,0,1
"POINT (9.456431589000033 52.485670981000055)",Unfall 25351 (2017) Kat:3,25351,3,3,5,12,16,4,0,,0,1,0,0
"POINT (9.686873907000063 52.553970915000036)",Unfall 25352 (2017) Kat:3,25352,3,7,8,12,20,4,0,,0,1,0,0
"POINT (9.963875238000071 52.312866613000040)",Unfall 25353 (2017) Kat:3,25353,3,3,5,12,17,4,0,,1,1,0,0
"POINT (9.963944729000048 52.315204623000056)",Unfall 25354 (2017) Kat:3,25354,3,3,5,12,08,4,0,,1,1,0,0
"POINT (9.787670895000076 52.318769942000074)",Unfall 25355 (2017) Kat:2,25355,2,2,5,12,12,4,0,,0,1,0,1
"POINT (10.067838769000048 52.369074252000075)",Unfall 25356 (2017) Kat:3,25356,3,6,2,12,08,4,0,,0,1,0,0
"POINT (9.761901226000077 52.370419874000049)",Unfall 25395 (2017) Kat:3,25395,3,2,2,12,06,3,1,,0,1,0,0