WKT,Name,OBJECTID,UKATEGORIE,UTYP1,UART,UMONAT,USTUNDE,UWOCHENTAG,STRZUSTAND,ULICHTVERH,ISTRAD,ISTPKW,ISTFUSS,ISTKRAD
"POINT (9.545216093000022 52.310414290000040)",Unfall 25396 (2017) Kat:3,25396,3,1,9,12,08,3,1,,0,0,0,0
"POINT (9.461270970000044 52.468370432000029)",Unfall 25397 (2017) Kat:3,25397,3,3,5,12,21,3,0,,0,1,0,0
"POINT (9.620320036000067 52.439757627000063)",Unfall 25398 (2017) Kat:3,25398,3,2,4,12,19,3,0,,0,1,0,0
"POINT (9.970884667000064 52.368824623000080)",Unfall 25399 (2017) Kat:3,25399,3,2,5,12,16,3,0,,1,1,0,0
"POINT (9.728769430000057 52.494992770000067)",Unfall 25400 (2017) Kat:3,25400,3,3,5,12,13,3,0,,0,1,0,0
"POINT (9.708457850000059 52.427018848000046)",Unfall 25401 (2017) Kat:3,25401,3,3,5,12,17,3,0,,1,1,0,0
"POINT (9.891455318000055 52.398042273000044)",Unfall 25402 (2017) Kat:3,25402,3,6,2,12,09,3,0,,0,1,0,0
"POINT (9.782211494000023 52.325076198000033)",Unfall 25445 (2017) Kat:3,25445,3,2,5,12,12,2,1,,0,1,0,0
"POINT (9.434107004000055 52.421955891000039)",Unfall 25446 (2017) Kat:3,25446,3,6,2,12,19,2,1,,0,1,0,0
"POINT (9.782838793000053 52.197178500000064)",Unfall 25447 (2017) Kat:3,25447,3,5,1,12,15,2,1,,0,1,0,0
"POINT (9.645945284000050 52.409770882000032)",Unfall 25448 (2017) Kat:3,25448,3,6,2,12,08,2,1,,0,1,0,0
"POINT (9.953040389000023 52.360172959000067)",Unfall 25449 (2017) Kat:3,25449,3,7,9,12,15,2,0,,0,1,0,0
"POINT (9.716073665000067 52.440748444000064)",Unfall 25450 (2017) Kat:3,25450,3,6,2,12,09,2,1,,0,0,0,0
"POINT (10.204247915000053 52.463775569000063)",Unfall 25451 (2017) Kat:2,25451,2,7,7,12,18,2,0,,1,0,0,0
"POINT (9.995838558000060 52.455169554000065)",Unfall 25452 (2017) Kat:3,25452,3,3,5,12,16,2,0,,0,1,0,0
"POINT (9.705219892000059 52.430232128000057)",Unfall 25453 (2017) Kat:3,25453,3,7,8,12,19,2,1,,0,1,0,0
"POINT (9.818780311000069 52.384697181000035)",Unfall 25454 (2017) Kat:3,25454,3,2,0,12,15,2,1,,1,0,0,0
"POINT (9.733760737000068 52.384557474000076)",Unfall 25455 (2017) Kat:2,25455,2,6,2,12,13,2,1,,0,1,0,0
"POINT (9.800988113000074 52.541423121000037)",Unfall 25456 (2017) Kat:3,25456,3,6,2,12,11,2,1,,0,1,0,0
"POINT (9.774822110000059 52.343246284000031)",Unfall 25457 (2017) Kat:3,25457,3,6,3,12,08,2,1,,0,1,0,0
"POINT (9.721520771000030 52.421529883000062)",Unfall 25458 (2017) Kat:3,25458,3,6,2,12,09,2,1,,0,1,0,0
"POINT (9.786767122000072 52.389911455000060)",Unfall 25459 (2017) Kat:3,25459,3,6,2,12,05,2,1,,0,1,0,0
"POINT (10.129288561000067 52.363312931000053)",Unfall 25473 (2017) Kat:3,25473,3,6,3,12,21,2,1,,0,1,0,0
"POINT (9.725212758000055 52.376949189000072)",Unfall 25519 (2017) Kat:3,25519,3,2,3,12,18,6,1,,1,1,0,0
"POINT (9.721467385000040 52.378488667000056)",Unfall 25520 (2017) Kat:3,25520,3,6,2,12,13,6,0,,0,1,0,0
"POINT (9.725517721000074 52.322461309000062)",Unfall 25521 (2017) Kat:3,25521,3,3,5,12,10,6,0,,1,1,0,0
"POINT (9.757136378000041 52.319659253000054)",Unfall 25522 (2017) Kat:3,25522,3,3,5,12,07,6,1,,0,1,0,0
"POINT (9.887375971000040 52.360165326000072)",Unfall 25523 (2017) Kat:2,25523,2,6,2,12,20,6,1,,0,1,0,0
"POINT (9.768638325000040 52.337960900000041)",Unfall 25524 (2017) Kat:2,25524,2,4,6,12,21,6,0,,0,0,1,0
"POINT (9.654161592000037 52.408343644000070)",Unfall 25585 (2017) Kat:3,25585,3,6,2,12,14,5,1,,0,1,0,0
"POINT (9.593691240000055 52.378628039000034)",Unfall 25586 (2017) Kat:3,25586,3,5,1,12,21,5,0,,0,1,0,0
"POINT (9.574811009000030 52.281198570000072)",Unfall 25587 (2017) Kat:3,25587,3,4,6,12,18,5,1,,0,1,1,0
"POINT (9.836092224000026 52.489922939000053)",Unfall 25588 (2017) Kat:2,25588,2,2,5,12,16,5,1,,0,1,0,0
"POINT (9.842454826000051 52.491476048000038)",Unfall 25589 (2017) Kat:3,25589,3,6,2,12,16,5,1,,0,1,0,0
"POINT (9.647932719000039 52.413159151000059)",Unfall 25590 (2017) Kat:3,25590,3,6,2,12,18,5,1,,0,1,0,0
"POINT (10.113553919000026 52.333034880000071)",Unfall 25591 (2017) Kat:2,25591,2,2,5,12,19,5,1,,0,1,0,0
"POINT (9.863846469000066 52.307790317000070)",Unfall 25592 (2017) Kat:3,25592,3,6,2,12,17,5,1,,0,1,0,0
"POINT (9.806717361000040 52.534046660000058)",Unfall 25593 (2017) Kat:3,25593,3,7,8,12,15,5,1,,0,0,0,0
"POINT (9.643167720000065 52.325024946000042)",Unfall 25594 (2017) Kat:2,25594,2,1,8,12,11,5,1,,0,1,0,0
"POINT (9.777258163000056 52.333070855000074)",Unfall 25595 (2017) Kat:2,25595,2,6,2,12,08,5,1,,0,1,0,0
"POINT (9.651637715000049 52.417687097000055)",Unfall 25643 (2017) Kat:3,25643,3,6,6,12,08,4,1,,0,1,1,0
"POINT (9.721666730000038 52.421533644000078)",Unfall 25645 (2017) Kat:3,25645,3,6,2,12,17,4,1,,0,1,0,0
"POINT (9.796704725000041 52.415079314000081)",Unfall 25646 (2017) Kat:3,25646,3,2,5,12,07,4,1,,1,1,0,0
"POINT (9.472706560000063 52.505738781000048)",Unfall 25647 (2017) Kat:3,25647,3,6,2,12,18,4,1,,0,1,0,0
"POINT (10.007843304000062 52.488408303000028)",Unfall 25648 (2017) Kat:3,25648,3,3,5,12,15,4,1,,0,1,0,0
"POINT (9.717554685000039 52.396098357000028)",Unfall 25649 (2017) Kat:2,25649,2,2,6,12,17,4,1,,0,1,1,0
"POINT (9.789597380000032 52.317085812000073)",Unfall 25650 (2017) Kat:3,25650,3,7,5,12,12,4,1,,0,1,0,0
"POINT (9.697109902000022 52.341572699000039)",Unfall 25651 (2017) Kat:2,25651,2,2,5,12,16,4,1,,1,1,0,0
"POINT (9.900627946000043 52.396918862000064)",Unfall 25652 (2017) Kat:3,25652,3,6,2,12,12,4,0,,0,0,0,0
"POINT (9.670811886000024 52.382678587000044)",Unfall 25653 (2017) Kat:2,25653,2,1,0,12,05,4,2,,1,0,0,0
"POINT (9.722980711000048 52.358218819000058)",Unfall 25703 (2017) Kat:3,25703,3,2,5,12,07,3,1,,1,1,0,0
"POINT (9.719632812000043 52.392383390000077)",Unfall 25704 (2017) Kat:3,25704,3,6,2,12,08,3,1,,0,0,0,0
"POINT (9.638685225000074 52.292086421000079)",Unfall 25706 (2017) Kat:3,25706,3,1,8,12,23,3,1,,0,1,0,0
"POINT (10.012927345000037 52.442914416000065)",Unfall 25708 (2017) Kat:3,25708,3,6,4,12,17,3,1,,0,1,0,0
"POINT (9.765364663000071 52.341731934000052)",Unfall 25709 (2017) Kat:3,25709,3,3,5,12,17,3,1,,1,1,0,0
"POINT (9.727322352000044 52.381225217000065)",Unfall 25710 (2017) Kat:3,25710,3,4,6,12,17,3,1,,0,1,1,0
"POINT (9.642583286000047 52.414642257000082)",Unfall 25778 (2017) Kat:3,25778,3,6,2,12,13,7,0,,0,1,0,0
"POINT (9.620033082000077 52.175891053000043)",Unfall 25779 (2017) Kat:3,25779,3,1,8,12,15,2,2,,0,0,0,0
"POINT (9.630007384000066 52.211499636000042)",Unfall 25780 (2017) Kat:3,25780,3,1,8,12,14,2,2,,0,1,0,0
"POINT (9.647450878000029 52.302349447000040)",Unfall 25782 (2017) Kat:3,25782,3,1,9,12,15,2,2,,0,1,0,0
"POINT (9.975901544000067 52.375969130000044)",Unfall 25783 (2017) Kat:3,25783,3,6,2,12,07,2,1,,0,1,0,0
"POINT (9.768897797000022 52.511754649000068)",Unfall 25784 (2017) Kat:3,25784,3,1,8,12,15,2,2,,0,0,0,0
"POINT (9.821702851000055 52.408557135000081)",Unfall 25785 (2017) Kat:3,25785,3,6,2,12,12,2,1,,0,1,0,0
"POINT (9.809064359000047 52.379532471000061)",Unfall 25786 (2017) Kat:2,25786,2,7,0,12,09,2,1,,1,0,0,0
"POINT (10.075186702000053 52.367260834000035)",Unfall 25787 (2017) Kat:3,25787,3,6,2,12,05,2,1,,0,0,0,0
"POINT (9.832552474000067 52.398843288000080)",Unfall 25829 (2017) Kat:3,25829,3,6,2,12,16,1,2,,0,1,0,0
"POINT (9.672453664000045 52.238795833000040)",Unfall 25830 (2017) Kat:3,25830,3,3,5,12,19,1,2,,0,1,0,0
"POINT (9.602020273000051 52.216845857000067)",Unfall 25831 (2017) Kat:3,25831,3,6,2,12,16,1,2,,0,1,0,0
"POINT (9.804429812000024 52.481610219000061)",Unfall 25832 (2017) Kat:3,25832,3,3,5,12,18,1,2,,0,1,0,0
"POINT (9.791389067000068 52.225601463000032)",Unfall 25833 (2017) Kat:2,25833,2,1,9,12,22,1,1,,0,1,0,0
"POINT (9.764900408000074 52.342656039000076)",Unfall 25847 (2017) Kat:3,25847,3,5,1,12,10,7,0,,0,1,0,0
"POINT (9.734892125000044 52.391438346000029)",Unfall 25849 (2017) Kat:3,25849,3,2,0,12,15,7,0,,0,1,0,0
"POINT (9.793471292000049 52.553664782000055)",Unfall 25852 (2017) Kat:1,25852,1,7,2,12,09,7,1,,0,1,0,0
"POINT (9.735834749000048 52.399472447000051)",Unfall 25897 (2017) Kat:3,25897,3,6,2,12,19,6,1,,0,1,0,0
"POINT (9.945507970000051 52.290388734000032)",Unfall 25898 (2017) Kat:3,25898,3,7,9,12,14,6,0,,0,1,0,0
"POINT (9.847303945000022 52.390494860000047)",Unfall 25899 (2017) Kat:3,25899,3,5,1,12,12,6,0,,1,0,0,0
"POINT (9.735697077000054 52.402656166000043)",Unfall 25940 (2017) Kat:3,25940,3,6,2,12,16,5,0,,0,1,0,0
"POINT (9.834626411000045 52.409661215000028)",Unfall 25941 (2017) Kat:3,25941,3,6,3,12,17,5,1,,0,1,0,0
"POINT (9.635106849000067 52.418091493000077)",Unfall 25964 (2017) Kat:3,25964,3,6,2,12,16,2,0,,0,1,0,0
"POINT (9.802271813000061 52.437477976000082)",Unfall 25966 (2017) Kat:3,25966,3,2,5,12,15,2,0,,1,1,0,0
"POINT (9.428261994000025 52.428273104000027)",Unfall 25969 (2017) Kat:3,25969,3,3,5,12,08,2,0,,1,1,0,0
"POINT (9.728462206000074 52.318598371000064)",Unfall 25971 (2017) Kat:3,25971,3,3,5,12,08,2,0,,0,1,0,0
"POINT (9.650905073000047 52.390953582000066)",Unfall 25973 (2017) Kat:3,25973,3,2,5,12,07,4,0,,1,1,0,0
"POINT (9.725048456000025 52.376689586000055)",Unfall 25974 (2017) Kat:3,25974,3,1,0,12,18,4,0,,0,1,0,0
"POINT (9.773473933000048 52.578093845000069)",Unfall 25975 (2017) Kat:2,25975,2,6,2,12,16,4,0,,0,1,0,0
"POINT (10.002266944000041 52.386644777000072)",Unfall 25976 (2017) Kat:3,25976,3,6,2,12,16,4,0,,0,1,0,0
"POINT (9.609272650000037 52.405867287000035)",Unfall 25982 (2017) Kat:3,25982,3,3,5,12,16,2,0,,0,1,0,0
"POINT (10.185278747000041 52.430936765000069)",Unfall 25983 (2017) Kat:3,25983,3,6,2,12,18,2,0,,0,1,0,0
"POINT (10.013088433000064 52.452401210000062)",Unfall 25984 (2017) Kat:3,25984,3,2,2,12,07,2,1,,0,1,0,0
"POINT (9.470592014000033 52.384304462000046)",Unfall 25992 (2017) Kat:3,25992,3,6,2,12,19,2,0,,0,1,0,0
"POINT (9.840935411000032 52.416571499000042)",Unfall 25993 (2017) Kat:3,25993,3,7,0,12,05,2,0,,0,1,0,0
"POINT (9.863541971000075 52.329768530000081)",Unfall 26016 (2017) Kat:3,26016,3,7,8,12,15,2,0,,0,1,0,0
"POINT (9.812772821000067 52.328509617000066)",Unfall 26017 (2017) Kat:3,26017,3,1,8,12,07,2,0,,0,1,0,0
"POINT (9.791871358000037 52.557245747000081)",Unfall 26018 (2017) Kat:3,26018,3,1,9,12,05,2,0,,0,1,0,0
"POINT (9.952299511000035 52.390924490000032)",Unfall 26044 (2017) Kat:3,26044,3,6,2,12,04,1,0,,0,1,0,0
"POINT (9.659534215000065 52.356692852000037)",Unfall 26060 (2017) Kat:3,26060,3,1,9,12,02,7,0,,0,1,0,0
"POINT (9.725706670000022 52.388842237000063)",Unfall 26061 (2017) Kat:3,26061,3,6,2,12,12,7,1,,0,1,0,0
"POINT (10.275885755000047 52.472551318000058)",Unfall 26062 (2017) Kat:2,26062,2,7,1,12,10,7,0,,0,0,1,0
"POINT (9.860822484000039 52.493728761000057)",Unfall 26098 (2017) Kat:3,26098,3,2,6,12,17,6,0,,0,1,1,0
"POINT (10.106894579000027 52.435682408000048)",Unfall 26099 (2017) Kat:2,26099,2,1,8,12,13,6,0,,0,1,0,0
"POINT (9.885158278000063 52.398715797000079)",Unfall 26100 (2017) Kat:3,26100,3,6,3,12,08,6,0,,0,1,0,0
"POINT (9.621883940000032 52.426492665000069)",Unfall 26141 (2017) Kat:3,26141,3,6,3,12,20,5,1,,0,1,0,0
"POINT (9.572986031000028 52.430696541000032)",Unfall 26142 (2017) Kat:3,26142,3,1,8,12,20,5,1,,0,1,0,0
"POINT (10.021387646000051 52.382097092000038)",Unfall 26143 (2017) Kat:3,26143,3,6,2,12,22,5,0,,0,1,0,0
"POINT (9.769958166000038 52.454128221000076)",Unfall 26144 (2017) Kat:2,26144,2,1,7,12,15,5,1,,0,1,0,0
"POINT (9.497896521000030 52.413510970000061)",Unfall 26198 (2017) Kat:3,26198,3,7,7,12,20,1,1,,0,1,0,0
"POINT (9.618448962000059 52.428716696000038)",Unfall 26199 (2017) Kat:3,26199,3,6,2,12,14,1,0,,0,1,0,0
"POINT (9.420058308000023 52.425130340000067)",Unfall 26213 (2017) Kat:3,26213,3,4,6,12,17,4,1,,0,1,1,0
"POINT (9.731952478000039 52.428859033000037)",Unfall 26214 (2017) Kat:3,26214,3,1,8,12,15,4,1,,0,1,0,0
"POINT (9.827290719000075 52.355609350000066)",Unfall 26215 (2017) Kat:3,26215,3,3,5,12,11,4,0,,1,1,0,0
"POINT (9.890186114000073 52.398007136000047)",Unfall 26216 (2017) Kat:3,26216,3,6,2,12,19,4,1,,0,1,0,0
"POINT (9.710996517000069 52.405986720000044)",Unfall 26217 (2017) Kat:3,26217,3,6,2,12,17,4,1,,0,0,0,0
"POINT (9.731058389000054 52.427256737000050)",Unfall 26218 (2017) Kat:3,26218,3,6,2,12,13,4,0,,0,0,0,0
"POINT (9.739849908000053 52.607853972000044)",Unfall 26219 (2017) Kat:3,26219,3,6,3,12,06,4,1,,0,1,0,0
"POINT (9.515404347000072 52.279743499000062)",Unfall 26268 (2017) Kat:3,26268,3,2,5,12,18,3,1,,0,1,0,0
"POINT (9.634432588000038 52.418506094000065)",Unfall 26269 (2017) Kat:2,26269,2,6,8,12,18,3,1,,0,1,0,0
"POINT (9.674805075000052 52.323693233000029)",Unfall 26270 (2017) Kat:2,26270,2,1,4,12,16,3,1,,0,1,0,0
"POINT (9.949444443000061 52.391249194000068)",Unfall 26271 (2017) Kat:3,26271,3,6,2,12,12,3,1,,0,1,0,0
"POINT (9.882162752000056 52.508768435000036)",Unfall 26461 (2017) Kat:3,26461,3,1,9,12,14,1,1,,0,1,0,0
"POINT (10.171283692000031 52.396971222000047)",Unfall 26463 (2017) Kat:3,26463,3,1,9,12,10,1,1,,0,1,0,0
"POINT (9.782246412000063 52.371983196000031)",Unfall 26464 (2017) Kat:3,26464,3,2,5,12,20,1,1,,0,1,0,0
"POINT (9.805242488000033 52.430785265000054)",Unfall 26476 (2017) Kat:3,26476,3,1,9,12,12,1,1,,0,1,0,0
"POINT (9.734279112000024 52.413510328000029)",Unfall 26639 (2017) Kat:3,26639,3,6,2,12,19,7,1,,0,1,0,0
"POINT (10.206157812000072 52.473556225000038)",Unfall 26666 (2017) Kat:3,26666,3,2,5,12,08,7,0,,0,1,0,0
"POINT (9.717788913000049 52.395559565000042)",Unfall 26671 (2017) Kat:2,26671,2,7,0,12,23,7,1,,0,0,0,0
"POINT (9.773903494000024 52.332090964000031)",Unfall 26674 (2017) Kat:2,26674,2,4,6,12,19,7,1,,0,0,1,0
"POINT (9.628916092000054 52.422119749000046)",Unfall 26682 (2017) Kat:3,26682,3,1,8,12,15,7,1,,0,1,0,0
"POINT (9.763214165000022 52.370591092000041)",Unfall 26701 (2017) Kat:3,26701,3,6,3,12,16,7,1,,0,1,0,0
"POINT (9.702787374000025 52.369343893000064)",Unfall 126880 (2017) Kat:3,126880,3,2,5,01,15,7,1,,0,1,0,0
"POINT (9.829527648000067 52.350744291000069)",Unfall 126881 (2017) Kat:2,126881,2,6,0,01,10,7,0,,1,1,0,0
"POINT (9.741819854000028 52.373122127000045)",Unfall 126897 (2017) Kat:3,126897,3,5,2,01,16,6,1,,0,1,0,0
"POINT (9.458607676000042 52.503172459000041)",Unfall 126898 (2017) Kat:3,126898,3,2,5,01,07,6,2,,0,1,0,0
"POINT (9.813965915000040 52.398983807000036)",Unfall 126899 (2017) Kat:3,126899,3,3,5,01,23,6,2,,0,1,0,0
"POINT (9.667420927000023 52.373142177000034)",Unfall 126922 (2017) Kat:3,126922,3,3,5,01,19,5,0,,1,1,0,0
"POINT (9.815313039000046 52.319342261000031)",Unfall 126923 (2017) Kat:3,126923,3,6,2,01,06,5,1,,0,1,0,0
"POINT (9.594844831000046 52.421000070000048)",Unfall 126924 (2017) Kat:3,126924,3,3,5,01,17,5,0,,0,1,0,0
"POINT (9.596409094000023 52.420918423000046)",Unfall 126925 (2017) Kat:3,126925,3,7,0,01,16,5,0,,0,0,0,0
"POINT (9.662251041000047 52.403698703000032)",Unfall 126926 (2017) Kat:3,126926,3,7,8,01,22,5,1,,0,1,0,0
"POINT (9.751896764000037 52.385933180000052)",Unfall 126947 (2017) Kat:3,126947,3,2,5,01,14,4,1,,1,0,0,0
"POINT (9.739655919000029 52.381216873000028)",Unfall 126948 (2017) Kat:3,126948,3,3,5,01,07,4,0,,1,1,0,0
"POINT (9.744935306000059 52.355736136000075)",Unfall 126949 (2017) Kat:3,126949,3,7,4,01,20,4,0,,0,1,0,0
"POINT (9.749280218000024 52.399133371000062)",Unfall 126950 (2017) Kat:2,126950,2,4,6,01,17,4,1,,0,1,1,0
"POINT (9.813813669000069 52.391437506000045)",Unfall 126951 (2017) Kat:2,126951,2,4,6,01,17,4,1,,0,1,1,0
"POINT (9.810370055000021 52.383693104000031)",Unfall 126973 (2017) Kat:3,126973,3,1,8,01,14,3,0,,0,1,0,0
"POINT (9.742016130000025 52.375807974000054)",Unfall 126974 (2017) Kat:3,126974,3,4,6,01,15,3,0,,1,0,1,0
"POINT (9.745310849000020 52.421247231000052)",Unfall 126975 (2017) Kat:3,126975,3,6,2,01,07,3,1,,0,1,0,0
"POINT (9.735873388000073 52.384200114000066)",Unfall 126976 (2017) Kat:2,126976,2,1,8,01,03,3,0,,0,1,0,0
"POINT (9.714445154000032 52.371476491000067)",Unfall 126992 (2017) Kat:2,126992,2,2,5,01,15,2,0,,0,1,0,0
"POINT (9.860129539000070 52.362755162000042)",Unfall 127010 (2017) Kat:3,127010,3,1,4,01,17,7,2,,0,1,0,0
"POINT (9.829053712000075 52.425514024000051)",Unfall 127011 (2017) Kat:3,127011,3,1,2,01,18,7,2,,0,1,0,0
"POINT (9.789712266000038 52.397059163000051)",Unfall 127012 (2017) Kat:3,127012,3,6,2,01,19,7,2,,0,1,0,0
"POINT (9.741264562000026 52.393748959000050)",Unfall 127013 (2017) Kat:3,127013,3,1,4,01,17,7,2,,0,1,0,0
"POINT (9.963533928000061 52.365295711000044)",Unfall 127014 (2017) Kat:3,127014,3,6,2,01,17,7,2,,0,1,0,0
"POINT (9.743937004000031 52.370935770000074)",Unfall 127015 (2017) Kat:3,127015,3,7,6,01,15,7,1,,0,1,1,0
"POINT (9.814562991000059 52.320730253000079)",Unfall 127016 (2017) Kat:3,127016,3,2,4,01,17,7,2,,0,1,0,0
"POINT (9.703484982000077 52.369499606000034)",Unfall 127017 (2017) Kat:2,127017,2,2,5,01,14,7,1,,0,1,0,0
"POINT (9.837458392000031 52.387389277000068)",Unfall 127032 (2017) Kat:3,127032,3,3,5,01,10,6,0,,1,1,0,0
"POINT (9.812310689000071 52.401032297000029)",Unfall 127033 (2017) Kat:3,127033,3,3,5,01,14,6,0,,0,1,0,0
"POINT (9.744149219000065 52.374525281000047)",Unfall 127034 (2017) Kat:3,127034,3,2,5,01,12,6,0,,1,1,0,0
"POINT (9.980840945000068 52.376622186000077)",Unfall 127035 (2017) Kat:3,127035,3,4,6,01,16,6,0,,0,1,1,0
"POINT (9.680116436000049 52.431396346000042)",Unfall 127036 (2017) Kat:3,127036,3,2,6,01,17,6,0,,0,1,1,0
"POINT (9.661171831000047 52.404279638000048)",Unfall 127037 (2017) Kat:2,127037,2,4,6,01,19,6,0,,0,1,1,0
"POINT (9.741113020000057 52.398252827000078)",Unfall 127038 (2017) Kat:3,127038,3,3,5,01,12,6,0,,1,1,0,0
"POINT (9.686820049000062 52.392592519000061)",Unfall 127039 (2017) Kat:2,127039,2,2,6,01,06,6,0,,0,1,1,0
"POINT (9.631827948000023 52.414515974000039)",Unfall 127040 (2017) Kat:3,127040,3,1,1,01,04,6,2,,0,1,0,0
"POINT (9.702833827000063 52.369264497000074)",Unfall 127060 (2017) Kat:3,127060,3,2,5,01,08,5,2,,1,1,0,0
"POINT (10.199185971000077 52.464030159000060)",Unfall 127061 (2017) Kat:3,127061,3,3,5,01,14,5,0,,1,1,0,0
"POINT (9.771378142000060 52.397587252000051)",Unfall 127062 (2017) Kat:3,127062,3,6,2,01,15,5,0,,0,1,0,0
"POINT (9.741529888000059 52.449254303000032)",Unfall 127063 (2017) Kat:2,127063,2,2,5,01,12,5,0,,0,1,0,1
"POINT (9.705939238000042 52.390799524000045)",Unfall 127075 (2017) Kat:3,127075,3,4,6,01,18,4,1,,0,1,1,0
"POINT (9.610992723000038 52.429766589000053)",Unfall 127076 (2017) Kat:3,127076,3,3,5,01,10,4,1,,1,1,0,0
"POINT (9.718907336000029 52.333233847000031)",Unfall 127077 (2017) Kat:2,127077,2,1,0,01,14,4,1,,0,0,0,0
"POINT (9.767642423000041 52.358011715000032)",Unfall 127093 (2017) Kat:3,127093,3,2,4,01,16,3,0,,1,1,0,0
"POINT (9.820790107000050 52.350861949000034)",Unfall 127094 (2017) Kat:3,127094,3,3,5,01,18,3,1,,0,1,0,0
"POINT (9.735695260000057 52.376832328000035)",Unfall 127095 (2017) Kat:3,127095,3,2,2,01,19,3,1,,0,1,0,0
"POINT (9.429557430000045 52.420797907000065)",Unfall 127108 (2017) Kat:3,127108,3,3,5,01,11,2,1,,1,1,0,0
"POINT (9.745632311000065 52.379021289000036)",Unfall 127109 (2017) Kat:2,127109,2,4,6,01,15,2,0,,0,1,1,0
"POINT (9.753258154000037 52.390195361000053)",Unfall 127110 (2017) Kat:3,127110,3,2,2,01,11,2,0,,0,1,0,0
"POINT (9.808328503000041 52.386361880000038)",Unfall 127133 (2017) Kat:3,127133,3,6,2,01,18,5,0,,0,1,0,0
"POINT (9.768340062000050 52.377945033000060)",Unfall 127134 (2017) Kat:3,127134,3,6,2,01,07,5,0,,0,1,0,0
"POINT (10.114951692000034 52.348500415000046)",Unfall 127135 (2017) Kat:3,127135,3,7,6,01,18,5,0,,0,1,1,0
"POINT (9.958731104000037 52.380621387000076)",Unfall 127136 (2017) Kat:3,127136,3,3,5,01,14,5,0,,1,1,0,0
"POINT (10.017731439000045 52.441769251000039)",Unfall 127137 (2017) Kat:3,127137,3,3,5,01,14,5,0,,1,1,0,0
"POINT (9.719886654000050 52.367978873000027)",Unfall 127159 (2017) Kat:3,127159,3,5,1,01,10,4,0,,0,1,0,0
"POINT (9.693272571000023 52.395670433000078)",Unfall 127160 (2017) Kat:2,127160,2,3,5,01,19,4,0,,1,1,0,0
"POINT (9.748682983000037 52.374616015000072)",Unfall 127161 (2017) Kat:3,127161,3,2,5,01,17,4,0,,1,1,0,0
"POINT (9.744254703000024 52.377662102000045)",Unfall 127181 (2017) Kat:3,127181,3,2,6,01,11,3,0,,0,1,1,0
"POINT (9.789033467000024 52.330485542000076)",Unfall 127182 (2017) Kat:3,127182,3,2,2,01,17,3,1,,0,1,0,0
"POINT (9.755850069000076 52.377727384000082)",Unfall 127202 (2017) Kat:3,127202,3,2,5,01,07,2,1,,1,1,0,0
"POINT (10.002090576000057 52.449054931000035)",Unfall 127203 (2017) Kat:3,127203,3,7,9,01,16,2,1,,0,1,0,0
"POINT (9.727887554000063 52.349426279000056)",Unfall 127211 (2017) Kat:3,127211,3,3,5,01,12,1,0,,0,1,0,0
"POINT (9.731753572000059 52.375431174000028)",Unfall 127220 (2017) Kat:3,127220,3,2,2,01,18,7,0,,0,1,0,0
"POINT (9.826738147000071 52.361081804000037)",Unfall 127221 (2017) Kat:3,127221,3,5,0,01,21,7,0,,0,1,0,0
"POINT (9.705242245000022 52.369828197000061)",Unfall 127240 (2017) Kat:3,127240,3,6,2,01,15,6,0,,0,1,0,0
"POINT (9.758286350000049 52.362885715000061)",Unfall 127241 (2017) Kat:3,127241,3,3,5,01,14,6,0,,1,1,0,0
"POINT (9.741246012000033 52.411359066000045)",Unfall 127242 (2017) Kat:3,127242,3,3,5,01,07,6,0,,1,1,0,0
"POINT (9.710240488000068 52.372555921000071)",Unfall 127243 (2017) Kat:3,127243,3,3,5,01,16,6,0,,1,0,0,0
"POINT (9.735173482000050 52.380400919000067)",Unfall 127244 (2017) Kat:3,127244,3,6,2,01,16,6,0,,0,1,0,0
"POINT (9.356011792000061 52.453576254000041)",Unfall 127245 (2017) Kat:3,127245,3,7,6,01,07,6,0,,0,1,1,0
"POINT (9.817240418000040 52.399718278000080)",Unfall 127246 (2017) Kat:3,127246,3,3,5,01,12,6,0,,0,1,0,0
"POINT (9.729658042000040 52.398259084000074)",Unfall 127269 (2017) Kat:3,127269,3,6,2,01,16,5,0,,0,1,0,0
"POINT (9.736336596000058 52.420962907000046)",Unfall 127270 (2017) Kat:3,127270,3,6,2,01,17,5,0,,0,1,0,0
"POINT (10.006462180000028 52.441823837000072)",Unfall 127271 (2017) Kat:3,127271,3,3,5,01,10,5,0,,1,1,0,0
"POINT (9.694509097000037 52.365400146000070)",Unfall 127272 (2017) Kat:3,127272,3,6,2,01,17,5,0,,0,1,0,0
"POINT (9.792983948000028 52.414576777000036)",Unfall 127273 (2017) Kat:3,127273,3,2,5,01,14,5,0,,1,1,0,0
"POINT (9.613612618000047 52.406821325000067)",Unfall 127302 (2017) Kat:3,127302,3,2,6,01,18,4,0,,0,1,1,0
"POINT (10.010633010000049 52.438949583000067)",Unfall 127303 (2017) Kat:3,127303,3,3,5,01,16,4,2,,1,1,0,0
"POINT (9.732577588000027 52.376621622000073)",Unfall 127304 (2017) Kat:2,127304,2,3,0,01,19,4,0,,1,0,0,0