WKT,Name,OBJECTID,UKATEGORIE,UTYP1,UART,UMONAT,USTUNDE,UWOCHENTAG,STRZUSTAND,ULICHTVERH,ISTRAD,ISTPKW,ISTFUSS,ISTKRAD
"POINT (9.736742829000036 52.393109614000082)",Unfall 127305 (2017) Kat:3,127305,3,2,6,01,08,4,0,,0,1,1,0
"POINT (9.743434723000064 52.547442720000049)",Unfall 127330 (2017) Kat:3,127330,3,4,6,01,14,3,0,,0,1,1,0
"POINT (9.766156003000049 52.381616633000078)",Unfall 127331 (2017) Kat:3,127331,3,2,5,01,11,3,0,,1,0,0,0
"POINT (9.750713297000061 52.388300715000071)",Unfall 127332 (2017) Kat:2,127332,2,4,6,01,17,3,0,,0,1,1,0
"POINT (9.713578278000057 52.414663368000049)",Unfall 127353 (2017) Kat:3,127353,3,7,5,01,07,2,2,,0,0,0,0
"POINT (9.793038763000027 52.403226852000046)",Unfall 127354 (2017) Kat:3,127354,3,3,5,01,16,2,1,,1,1,0,0
"POINT (9.753321447000076 52.390230338000038)",Unfall 127355 (2017) Kat:3,127355,3,4,0,01,16,2,1,,0,1,1,0
"POINT (9.676670011000056 52.449027470000033)",Unfall 127356 (2017) Kat:3,127356,3,5,1,01,10,2,1,,0,1,0,0
"POINT (9.602439204000064 52.416968066000038)",Unfall 127357 (2017) Kat:2,127357,2,4,6,01,18,2,1,,0,1,1,0
"POINT (9.762630918000070 52.415986038000028)",Unfall 127358 (2017) Kat:3,127358,3,3,5,01,08,2,1,,1,1,0,0
"POINT (9.746307780000052 52.354362074000051)",Unfall 127374 (2017) Kat:3,127374,3,2,4,01,10,6,0,,0,1,0,0
"POINT (9.802336332000039 52.417860683000072)",Unfall 127379 (2017) Kat:3,127379,3,3,5,02,15,4,0,,1,1,0,0
"POINT (9.741851642000029 52.398640811000064)",Unfall 127380 (2017) Kat:3,127380,3,3,5,02,15,4,0,,1,1,0,0
"POINT (9.732779259000040 52.379275712000037)",Unfall 127381 (2017) Kat:3,127381,3,6,2,02,19,4,0,,0,1,0,0
"POINT (9.809523728000045 52.404112555000040)",Unfall 127382 (2017) Kat:3,127382,3,1,0,02,15,4,2,,1,0,0,0
"POINT (9.714478377000035 52.343700896000030)",Unfall 127400 (2017) Kat:3,127400,3,3,5,02,09,3,0,,0,1,0,0
"POINT (9.681586535000065 52.460376634000056)",Unfall 127401 (2017) Kat:3,127401,3,3,5,02,10,3,0,,0,1,0,0
"POINT (9.820105491000049 52.346901903000060)",Unfall 127402 (2017) Kat:2,127402,2,4,6,02,15,3,1,,0,1,1,0
"POINT (9.747577785000033 52.381402565000030)",Unfall 127427 (2017) Kat:3,127427,3,3,5,02,15,2,0,,1,1,0,0
"POINT (9.727542112000037 52.382357513000045)",Unfall 127428 (2017) Kat:3,127428,3,3,5,02,20,2,0,,1,1,0,0
"POINT (9.725570344000062 52.397936220000076)",Unfall 127429 (2017) Kat:3,127429,3,3,5,02,15,2,0,,1,1,0,0
"POINT (9.742029196000033 52.411339822000059)",Unfall 127438 (2017) Kat:3,127438,3,1,8,02,03,1,0,,0,1,0,0
"POINT (9.755603080000071 52.357027143000039)",Unfall 127446 (2017) Kat:3,127446,3,5,0,02,09,7,1,,1,1,0,0
"POINT (9.821480467000072 52.341781876000027)",Unfall 127447 (2017) Kat:3,127447,3,3,5,02,12,7,0,,0,1,0,0
"POINT (9.737948228000050 52.399071876000050)",Unfall 127448 (2017) Kat:3,127448,3,7,6,02,18,7,0,,0,1,1,0
"POINT (9.725382726000021 52.383281271000044)",Unfall 127449 (2017) Kat:3,127449,3,6,6,02,15,7,0,,0,1,1,0
"POINT (9.611749862000067 52.446961832000056)",Unfall 127471 (2017) Kat:3,127471,3,3,5,02,15,6,1,,1,1,0,0
"POINT (9.733712012000069 52.517252624000037)",Unfall 127472 (2017) Kat:3,127472,3,3,5,02,10,6,1,,0,1,0,0
"POINT (9.739899446000038 52.366529432000050)",Unfall 127473 (2017) Kat:3,127473,3,2,6,02,17,6,1,,0,1,1,0
"POINT (9.800292461000026 52.406129204000081)",Unfall 127474 (2017) Kat:2,127474,2,4,0,02,10,6,1,,0,1,1,0
"POINT (9.733330856000066 52.362173179000081)",Unfall 127503 (2017) Kat:3,127503,3,6,2,02,10,5,0,,0,1,0,0
"POINT (9.818172959000037 52.363745930000050)",Unfall 127504 (2017) Kat:3,127504,3,4,6,02,16,5,0,,0,1,1,0
"POINT (9.448581004000062 52.506880079000041)",Unfall 127505 (2017) Kat:3,127505,3,3,5,02,16,5,0,,1,1,0,0
"POINT (9.791885478000040 52.401851511000075)",Unfall 127506 (2017) Kat:3,127506,3,6,4,02,13,5,0,,0,1,0,0
"POINT (9.693325280000067 52.401071478000063)",Unfall 127524 (2017) Kat:2,127524,2,2,5,02,21,4,0,,1,1,0,0
"POINT (9.744042597000032 52.379374966000057)",Unfall 127525 (2017) Kat:3,127525,3,6,2,02,12,4,0,,0,1,0,0
"POINT (9.719741223000028 52.378237808000051)",Unfall 127540 (2017) Kat:3,127540,3,3,5,01,12,3,1,,1,1,0,0
"POINT (9.715883401000042 52.362192585000059)",Unfall 127541 (2017) Kat:3,127541,3,6,2,01,11,3,1,,0,1,0,0
"POINT (9.735507558000052 52.387067902000069)",Unfall 127542 (2017) Kat:3,127542,3,4,6,01,14,3,0,,0,1,1,0
"POINT (9.672783196000069 52.398275532000071)",Unfall 127561 (2017) Kat:3,127561,3,2,6,01,18,2,1,,0,1,1,0
"POINT (9.751224907000051 52.359187370000029)",Unfall 127562 (2017) Kat:3,127562,3,2,0,01,11,2,1,,1,0,0,0
"POINT (9.752242018000061 52.410360868000055)",Unfall 127563 (2017) Kat:3,127563,3,6,0,01,19,2,1,,0,1,0,0
"POINT (9.744019362000074 52.380737749000048)",Unfall 127564 (2017) Kat:3,127564,3,7,1,01,21,2,0,,0,1,0,0
"POINT (9.737927247000073 52.388829187000056)",Unfall 127565 (2017) Kat:3,127565,3,7,6,01,18,2,1,,0,1,1,0
"POINT (9.772194816000024 52.395518761000062)",Unfall 127566 (2017) Kat:3,127566,3,4,6,01,16,2,1,,0,1,1,0
"POINT (9.749916725000048 52.392591736000043)",Unfall 127567 (2017) Kat:3,127567,3,2,5,01,18,2,1,,1,1,0,0
"POINT (9.737707789000069 52.372479165000072)",Unfall 127568 (2017) Kat:2,127568,2,4,6,01,12,2,1,,0,1,1,0
"POINT (9.669461121000040 52.354834109000080)",Unfall 127569 (2017) Kat:1,127569,1,4,6,01,05,2,1,,0,1,1,0
"POINT (9.744210559000067 52.377448817000072)",Unfall 127582 (2017) Kat:3,127582,3,2,5,01,16,1,0,,0,1,0,1
"POINT (9.716841230000057 52.339154725000071)",Unfall 127597 (2017) Kat:3,127597,3,3,5,01,09,7,0,,1,1,0,0
"POINT (9.703096894000055 52.368731734000050)",Unfall 127598 (2017) Kat:3,127598,3,3,5,01,11,7,0,,1,1,0,0
"POINT (9.841622134000033 52.437587606000079)",Unfall 127599 (2017) Kat:3,127599,3,3,5,01,12,7,0,,1,1,0,0
"POINT (9.748596338000027 52.354672383000036)",Unfall 127615 (2017) Kat:3,127615,3,3,5,01,07,6,1,,0,1,0,0
"POINT (9.793029611000065 52.395337898000037)",Unfall 127616 (2017) Kat:3,127616,3,1,0,01,00,6,0,,1,0,0,0
"POINT (9.611133666000058 52.412329511000053)",Unfall 127617 (2017) Kat:3,127617,3,3,5,01,11,6,0,,0,1,0,0
"POINT (10.084625018000054 52.482360931000073)",Unfall 127618 (2017) Kat:3,127618,3,3,5,01,14,6,0,,1,1,0,0
"POINT (9.731059323000068 52.378663501000062)",Unfall 127619 (2017) Kat:3,127619,3,3,5,01,23,6,0,,0,1,0,0
"POINT (9.818542391000051 52.313347373000056)",Unfall 127620 (2017) Kat:3,127620,3,3,5,01,13,6,0,,0,1,0,0
"POINT (9.781802524000057 52.415594484000053)",Unfall 127622 (2017) Kat:3,127622,3,2,6,01,11,6,0,,0,0,1,0
"POINT (9.746880954000062 52.373818574000040)",Unfall 127623 (2017) Kat:2,127623,2,2,5,01,13,6,0,,1,1,0,0
"POINT (9.706953330000033 52.373624362000044)",Unfall 127644 (2017) Kat:3,127644,3,4,0,02,01,1,0,,0,1,1,0
"POINT (9.725012330000027 52.397789352000075)",Unfall 127645 (2017) Kat:3,127645,3,3,5,02,18,1,0,,0,1,0,0
"POINT (9.792241744000023 52.403017540000064)",Unfall 127646 (2017) Kat:3,127646,3,3,5,02,17,1,1,,1,1,0,0
"POINT (9.964801613000077 52.375231283000062)",Unfall 127647 (2017) Kat:3,127647,3,3,5,02,04,1,1,,1,0,0,0
"POINT (9.709496248000050 52.372752258000048)",Unfall 127658 (2017) Kat:3,127658,3,4,6,02,16,7,0,,1,0,1,0
"POINT (9.821375130000035 52.341848745000050)",Unfall 127659 (2017) Kat:3,127659,3,6,2,02,10,7,0,,0,1,0,0
"POINT (9.805569817000048 52.399547372000029)",Unfall 127660 (2017) Kat:3,127660,3,6,2,02,13,7,0,,0,1,0,0
"POINT (9.735788070000069 52.379109020000044)",Unfall 127661 (2017) Kat:3,127661,3,6,2,02,18,7,0,,0,1,0,0
"POINT (9.840142438000044 52.384355195000069)",Unfall 127662 (2017) Kat:3,127662,3,6,4,02,14,7,0,,1,1,0,0
"POINT (9.827697569000065 52.346177354000076)",Unfall 127689 (2017) Kat:3,127689,3,1,0,02,20,6,1,,1,0,0,0
"POINT (9.673335029000043 52.365273796000054)",Unfall 127718 (2017) Kat:3,127718,3,7,6,02,11,5,0,,0,1,1,0
"POINT (9.434855546000051 52.417180139000038)",Unfall 127719 (2017) Kat:3,127719,3,4,6,02,13,5,0,,0,1,1,0
"POINT (9.797852813000077 52.405212675000030)",Unfall 127720 (2017) Kat:3,127720,3,4,0,02,20,5,0,,0,0,1,0
"POINT (9.721283822000032 52.354724060000080)",Unfall 127747 (2017) Kat:3,127747,3,3,5,02,16,4,0,,1,1,0,0
"POINT (10.081467112000041 52.483295817000055)",Unfall 127748 (2017) Kat:3,127748,3,5,1,02,08,4,2,,0,1,0,0
"POINT (9.742849191000062 52.411322657000028)",Unfall 127749 (2017) Kat:3,127749,3,4,6,02,12,4,0,,0,1,1,0
"POINT (9.741446495000048 52.445074564000038)",Unfall 127750 (2017) Kat:2,127750,2,7,6,02,10,4,0,,0,0,1,0
"POINT (9.656564851000042 52.407445416000030)",Unfall 127771 (2017) Kat:3,127771,3,2,3,02,07,3,0,,0,1,0,0
"POINT (9.775295729000050 52.363561991000040)",Unfall 127772 (2017) Kat:3,127772,3,5,2,02,16,3,0,,0,1,0,0
"POINT (9.793051887000047 52.414493744000026)",Unfall 127773 (2017) Kat:3,127773,3,6,2,02,07,3,2,,0,1,0,0
"POINT (9.756249187000037 52.383087326000066)",Unfall 127774 (2017) Kat:3,127774,3,4,6,02,18,3,0,,0,1,1,0
"POINT (9.750591310000061 52.375554657000066)",Unfall 127775 (2017) Kat:3,127775,3,6,2,02,18,3,0,,0,1,0,0
"POINT (9.967545598000072 52.371758059000058)",Unfall 127776 (2017) Kat:3,127776,3,3,5,02,10,3,0,,1,1,0,0
"POINT (9.739345967000077 52.369236373000035)",Unfall 127777 (2017) Kat:2,127777,2,1,0,02,20,3,0,,0,0,0,1
"POINT (10.026141952000046 52.451156307000076)",Unfall 127778 (2017) Kat:2,127778,2,3,5,02,13,3,0,,0,1,0,1
"POINT (9.684174258000041 52.366313231000049)",Unfall 127779 (2017) Kat:2,127779,2,3,5,02,06,3,1,,1,0,0,0
"POINT (9.732669927000075 52.379462675000070)",Unfall 127801 (2017) Kat:3,127801,3,3,5,02,20,2,0,,0,1,0,0
"POINT (9.823937362000038 52.383416764000060)",Unfall 127802 (2017) Kat:3,127802,3,4,6,02,12,2,0,,0,0,1,0
"POINT (9.819134024000050 52.399898941000060)",Unfall 127825 (2017) Kat:3,127825,3,2,5,02,09,7,0,,1,1,0,0
"POINT (9.734375079000074 52.397928937000074)",Unfall 127826 (2017) Kat:3,127826,3,4,6,02,12,7,0,,0,1,1,0
"POINT (9.730631597000070 52.373790071000030)",Unfall 127827 (2017) Kat:3,127827,3,7,6,02,10,7,0,,0,1,1,0
"POINT (9.600766232000069 52.311848867000037)",Unfall 127828 (2017) Kat:3,127828,3,5,0,02,13,7,0,,1,1,0,0
"POINT (9.594884111000056 52.420872583000062)",Unfall 127829 (2017) Kat:3,127829,3,1,0,02,21,7,0,,0,1,0,0
"POINT (9.727964324000027 52.345422939000059)",Unfall 127846 (2017) Kat:3,127846,3,5,1,02,08,6,0,,1,1,0,0
"POINT (9.563257836000048 52.396756054000036)",Unfall 127847 (2017) Kat:3,127847,3,2,2,02,18,6,0,,0,1,0,0
"POINT (9.749079242000050 52.390141579000044)",Unfall 127848 (2017) Kat:3,127848,3,3,5,02,08,6,0,,1,1,0,0
"POINT (9.710863348000032 52.359414391000030)",Unfall 127860 (2017) Kat:3,127860,3,3,5,02,16,5,0,,0,1,0,0
"POINT (9.458607676000042 52.503172459000041)",Unfall 127861 (2017) Kat:3,127861,3,6,2,02,13,5,0,,0,1,0,0
"POINT (9.609715818000041 52.423964697000031)",Unfall 127862 (2017) Kat:3,127862,3,6,2,02,15,5,0,,0,1,0,0
"POINT (9.691771457000073 52.341679083000031)",Unfall 127863 (2017) Kat:2,127863,2,5,0,02,10,5,0,,1,1,0,0
"POINT (9.736548898000024 52.371116161000032)",Unfall 127881 (2017) Kat:3,127881,3,2,6,03,14,6,0,,0,1,1,0
"POINT (9.779626682000071 52.414190872000063)",Unfall 127882 (2017) Kat:3,127882,3,5,5,03,19,6,0,,0,1,0,0
"POINT (9.721733346000065 52.342245988000059)",Unfall 127903 (2017) Kat:3,127903,3,6,2,03,17,5,1,,0,1,0,0
"POINT (9.727309347000073 52.392054475000066)",Unfall 127904 (2017) Kat:3,127904,3,3,5,03,13,5,1,,0,1,0,0
"POINT (9.726051066000025 52.384941462000029)",Unfall 127905 (2017) Kat:3,127905,3,7,5,03,14,5,1,,1,1,0,0
"POINT (9.767285902000026 52.357979862000036)",Unfall 127925 (2017) Kat:3,127925,3,6,2,03,16,4,1,,0,1,0,0
"POINT (9.741704551000055 52.371164934000035)",Unfall 127926 (2017) Kat:3,127926,3,2,5,03,18,4,0,,1,1,0,0
"POINT (9.610770967000065 52.414661645000081)",Unfall 127927 (2017) Kat:3,127927,3,3,5,03,08,4,0,,1,1,0,0
"POINT (9.911676617000069 52.364929298000050)",Unfall 127928 (2017) Kat:3,127928,3,4,6,03,08,4,0,,0,0,1,1
"POINT (9.706729022000047 52.373700899000028)",Unfall 127929 (2017) Kat:2,127929,2,4,6,03,21,4,0,,1,0,1,0
"POINT (9.723095789000070 52.377719672000069)",Unfall 127952 (2017) Kat:3,127952,3,6,4,02,16,3,0,,1,0,0,0
"POINT (9.761733291000041 52.263346848000026)",Unfall 127953 (2017) Kat:3,127953,3,6,0,02,17,3,1,,0,1,0,0
"POINT (9.638450896000052 52.397286950000080)",Unfall 127954 (2017) Kat:3,127954,3,3,5,02,07,3,0,,1,1,0,0
"POINT (9.763094645000024 52.337027093000074)",Unfall 127955 (2017) Kat:3,127955,3,5,1,02,11,3,0,,1,1,0,0
"POINT (9.713186158000042 52.340053596000075)",Unfall 127956 (2017) Kat:3,127956,3,4,6,02,07,3,0,,0,1,1,0
"POINT (9.694849002000069 52.329189455000062)",Unfall 127982 (2017) Kat:3,127982,3,5,1,02,07,2,0,,0,1,0,0
"POINT (9.808844987000043 52.385967576000041)",Unfall 127983 (2017) Kat:3,127983,3,6,2,02,07,2,0,,0,1,0,0
"POINT (9.815302082000073 52.319362486000045)",Unfall 127984 (2017) Kat:3,127984,3,1,0,02,05,2,1,,0,0,0,1
"POINT (9.772527643000046 52.400448799000060)",Unfall 127985 (2017) Kat:3,127985,3,5,1,02,09,2,0,,1,1,0,0
"POINT (9.755601024000043 52.357036959000027)",Unfall 127986 (2017) Kat:3,127986,3,4,6,02,16,2,0,,0,1,1,0
"POINT (9.683500799000058 52.368007854000041)",Unfall 127987 (2017) Kat:3,127987,3,3,5,02,15,2,0,,1,0,0,0
"POINT (9.812726371000053 52.380298431000028)",Unfall 127988 (2017) Kat:3,127988,3,2,5,02,10,2,0,,1,0,0,0
"POINT (9.725523500000065 52.383966409000038)",Unfall 127997 (2017) Kat:3,127997,3,6,4,02,14,1,0,,1,1,0,0
"POINT (9.737593750000031 52.372447610000052)",Unfall 128005 (2017) Kat:3,128005,3,4,6,02,17,7,1,,0,1,1,0
"POINT (9.751792523000063 52.392465123000079)",Unfall 128023 (2017) Kat:3,128023,3,5,1,02,12,6,1,,1,1,0,0
"POINT (9.793719466000027 52.332827162000058)",Unfall 128024 (2017) Kat:3,128024,3,4,6,02,15,6,0,,1,0,1,0
"POINT (9.827605837000021 52.287766812000029)",Unfall 128025 (2017) Kat:3,128025,3,4,6,02,15,6,0,,0,1,1,0
"POINT (9.795890818000032 52.375285496000060)",Unfall 128026 (2017) Kat:3,128026,3,4,6,02,07,6,1,,0,1,1,0
"POINT (9.808575785000073 52.309036803000026)",Unfall 128052 (2017) Kat:3,128052,3,3,5,02,09,5,1,,1,1,0,0
"POINT (9.748893540000040 52.382822740000051)",Unfall 128053 (2017) Kat:3,128053,3,5,1,02,07,5,1,,1,1,0,0
"POINT (9.562901238000052 52.207973605000063)",Unfall 128054 (2017) Kat:3,128054,3,7,6,02,08,5,1,,0,1,1,0
"POINT (9.609795486000053 52.426186191000056)",Unfall 128055 (2017) Kat:3,128055,3,1,8,02,10,5,1,,0,1,0,0
"POINT (9.841649838000024 52.490687567000066)",Unfall 128056 (2017) Kat:3,128056,3,3,5,02,10,5,1,,0,1,0,0
"POINT (9.756970560000070 52.396013550000077)",Unfall 128057 (2017) Kat:3,128057,3,3,5,02,21,5,1,,1,1,0,0
"POINT (9.983036562000052 52.357927214000028)",Unfall 128080 (2017) Kat:3,128080,3,1,9,02,12,4,1,,0,1,0,0
"POINT (9.729936663000046 52.434285157000033)",Unfall 128081 (2017) Kat:3,128081,3,5,0,02,17,4,1,,0,0,0,1
"POINT (9.707311113000060 52.389388578000080)",Unfall 128082 (2017) Kat:3,128082,3,3,5,02,08,4,1,,0,1,0,0
"POINT (9.666051336000066 52.415383687000030)",Unfall 128105 (2017) Kat:3,128105,3,6,3,02,08,3,1,,0,1,0,0
"POINT (9.703054126000041 52.369417408000061)",Unfall 128106 (2017) Kat:3,128106,3,6,3,02,15,3,0,,0,1,0,0
"POINT (9.740993959000036 52.398856471000045)",Unfall 128107 (2017) Kat:3,128107,3,3,0,02,08,3,0,,1,1,0,0
"POINT (9.765981538000062 52.381969811000033)",Unfall 128108 (2017) Kat:2,128108,2,2,5,02,16,3,0,,1,1,0,0
"POINT (9.961830915000064 52.389583215000073)",Unfall 128109 (2017) Kat:3,128109,3,2,4,02,11,3,0,,0,1,0,0
"POINT (9.746303797000053 52.361194449000038)",Unfall 128110 (2017) Kat:3,128110,3,3,5,02,11,3,0,,1,1,0,0
"POINT (9.811862844000075 52.301755605000039)",Unfall 128136 (2017) Kat:3,128136,3,3,5,02,15,2,1,,1,1,0,0
"POINT (9.737220743000023 52.370648713000037)",Unfall 128137 (2017) Kat:3,128137,3,4,6,02,10,2,0,,0,1,1,0
"POINT (9.611156558000062 52.430460565000033)",Unfall 128138 (2017) Kat:3,128138,3,1,8,02,11,2,1,,0,1,0,0
"POINT (9.964898812000058 52.377000897000073)",Unfall 128139 (2017) Kat:3,128139,3,3,5,02,14,2,1,,1,1,0,0
"POINT (9.984515349000048 52.389078089000066)",Unfall 128140 (2017) Kat:3,128140,3,6,0,02,05,2,1,,1,1,0,0
"POINT (9.652172489000066 52.415489355000034)",Unfall 128141 (2017) Kat:3,128141,3,3,5,02,18,2,1,,0,1,0,0
"POINT (9.734637070000076 52.373541658000079)",Unfall 128142 (2017) Kat:3,128142,3,4,6,02,12,2,1,,0,1,1,0
"POINT (9.705858229000057 52.352554631000032)",Unfall 128143 (2017) Kat:3,128143,3,6,0,02,02,2,1,,1,1,0,0
"POINT (9.692825325000058 52.344460796000078)",Unfall 128160 (2017) Kat:3,128160,3,2,2,03,12,3,0,,0,1,0,0
"POINT (9.743588466000063 52.357232783000029)",Unfall 128161 (2017) Kat:3,128161,3,6,2,03,15,3,0,,0,1,0,0
"POINT (9.854209742000023 52.391305340000031)",Unfall 128162 (2017) Kat:3,128162,3,2,5,03,20,3,0,,1,1,0,0
"POINT (9.603245116000039 52.313971638000055)",Unfall 128163 (2017) Kat:3,128163,3,3,5,03,15,3,0,,1,1,0,0
"POINT (9.643272000000025 52.415222805000042)",Unfall 128180 (2017) Kat:3,128180,3,3,5,03,16,2,0,,0,1,0,0
"POINT (9.719733287000054 52.360442840000076)",Unfall 128181 (2017) Kat:3,128181,3,3,5,03,12,2,0,,1,0,0,0
"POINT (9.753108838000060 52.397785830000032)",Unfall 128182 (2017) Kat:3,128182,3,2,4,03,17,2,0,,0,1,0,0
"POINT (9.730119127000023 52.374905932000047)",Unfall 128183 (2017) Kat:3,128183,3,6,2,03,11,2,0,,0,1,0,0
"POINT (9.602171936000048 52.314373743000033)",Unfall 128184 (2017) Kat:3,128184,3,3,5,03,07,2,0,,0,1,0,0
"POINT (9.752537258000075 52.434521190000055)",Unfall 128185 (2017) Kat:3,128185,3,2,6,03,21,2,0,,0,1,1,0
"POINT (9.854259120000052 52.491834749000077)",Unfall 128186 (2017) Kat:3,128186,3,3,5,03,16,2,0,,1,1,0,0
"POINT (10.007572565000032 52.446633742000074)",Unfall 128187 (2017) Kat:3,128187,3,3,5,03,11,2,0,,1,1,0,0
"POINT (9.775180026000044 52.363688233000062)",Unfall 128188 (2017) Kat:3,128188,3,2,5,03,16,2,0,,1,1,0,0
"POINT (9.674418952000053 52.397579455000027)",Unfall 128189 (2017) Kat:3,128189,3,6,2,03,16,2,0,,0,1,0,0
"POINT (9.431475736000039 52.417784216000030)",Unfall 128190 (2017) Kat:2,128190,2,5,1,03,15,2,0,,1,1,0,0
"POINT (9.669546529000058 52.349593363000054)",Unfall 128221 (2017) Kat:3,128221,3,3,5,03,10,7,0,,1,0,0,1
"POINT (9.728428523000048 52.374319232000062)",Unfall 128222 (2017) Kat:3,128222,3,6,2,03,15,7,0,,0,1,0,0
"POINT (9.800944896000033 52.352561006000030)",Unfall 128223 (2017) Kat:2,128223,2,7,0,03,18,7,0,,1,0,0,0
"POINT (9.741450092000036 52.398640628000066)",Unfall 128224 (2017) Kat:3,128224,3,1,8,03,05,7,0,,0,1,0,0
"POINT (9.738296231000049 52.381962695000027)",Unfall 128244 (2017) Kat:3,128244,3,2,5,03,03,6,1,,1,1,0,0
"POINT (9.745268408000072 52.378596106000032)",Unfall 128245 (2017) Kat:3,128245,3,3,5,03,10,6,0,,0,1,0,0
"POINT (9.729600349000066 52.439740912000048)",Unfall 128246 (2017) Kat:3,128246,3,4,6,03,11,6,0,,0,1,1,0
"POINT (9.618565140000044 52.430515660000026)",Unfall 128247 (2017) Kat:2,128247,2,2,2,03,15,6,0,,0,1,0,1
"POINT (9.738654099000030 52.382306350000079)",Unfall 128248 (2017) Kat:3,128248,3,4,6,03,15,6,0,,0,1,1,0
"POINT (9.823462581000058 52.384210043000053)",Unfall 128263 (2017) Kat:3,128263,3,2,4,03,06,5,1,,0,1,0,0
"POINT (9.841289720000077 52.359111280000036)",Unfall 128264 (2017) Kat:3,128264,3,7,9,03,06,5,0,,0,1,0,0
"POINT (9.736760775000050 52.421053132000054)",Unfall 128265 (2017) Kat:3,128265,3,3,5,03,16,5,1,,1,1,0,0
"POINT (9.763568187000033 52.399964805000081)",Unfall 128266 (2017) Kat:3,128266,3,2,4,03,10,5,0,,0,1,0,0
"POINT (9.731826557000034 52.375412467000046)",Unfall 128267 (2017) Kat:3,128267,3,2,3,03,13,5,0,,1,0,0,0
"POINT (9.744470321000051 52.374437763000060)",Unfall 128268 (2017) Kat:3,128268,3,2,5,03,15,5,1,,0,1,0,0
"POINT (9.724589471000058 52.358361307000052)",Unfall 128269 (2017) Kat:3,128269,3,2,5,03,13,5,1,,1,1,0,0
"POINT (9.456713958000023 52.413306483000042)",Unfall 128297 (2017) Kat:3,128297,3,3,5,03,13,4,0,,0,1,0,0
"POINT (9.707459974000074 52.368745090000061)",Unfall 128298 (2017) Kat:3,128298,3,5,1,03,19,4,1,,1,1,0,0
"POINT (9.820594428000049 52.359402624000040)",Unfall 128299 (2017) Kat:3,128299,3,2,6,03,18,4,1,,0,1,1,0
"POINT (9.766948252000077 52.357880331000047)",Unfall 128300 (2017) Kat:2,128300,2,4,6,03,15,4,1,,0,1,1,0
"POINT (9.854046905000075 52.390752549000069)",Unfall 128317 (2017) Kat:3,128317,3,7,5,03,11,3,0,,1,0,0,0
"POINT (9.720019092000030 52.387895673000060)",Unfall 128318 (2017) Kat:3,128318,3,7,0,03,07,3,1,,1,0,0,0
"POINT (9.747870622000050 52.395242390000078)",Unfall 128319 (2017) Kat:3,128319,3,2,4,03,19,3,0,,1,1,0,0
"POINT (9.819184537000069 52.400023043000033)",Unfall 128320 (2017) Kat:2,128320,2,3,5,03,13,3,0,,1,1,0,0
"POINT (9.733730784000045 52.362123319000034)",Unfall 128321 (2017) Kat:3,128321,3,3,5,03,15,3,0,,1,1,0,0
"POINT (9.714459315000056 52.371448472000054)",Unfall 128342 (2017) Kat:3,128342,3,7,0,03,15,2,0,,0,1,0,0
"POINT (9.813884152000071 52.398964825000064)",Unfall 128343 (2017) Kat:3,128343,3,2,4,03,16,2,0,,0,1,0,0
"POINT (9.753772840000067 52.386412602000064)",Unfall 128344 (2017) Kat:3,128344,3,3,5,03,10,2,0,,1,1,0,0
"POINT (10.099816499000042 52.386232752000069)",Unfall 128345 (2017) Kat:3,128345,3,3,5,03,15,2,1,,0,1,0,1
"POINT (9.761920174000068 52.371159447000082)",Unfall 128346 (2017) Kat:3,128346,3,3,5,03,09,2,0,,1,1,0,0
"POINT (9.722347063000029 52.378288360000056)",Unfall 128356 (2017) Kat:3,128356,3,3,5,03,11,1,0,,0,1,0,0
"POINT (9.833340832000033 52.386703667000063)",Unfall 128357 (2017) Kat:3,128357,3,3,6,03,17,1,0,,0,1,1,0
"POINT (9.736456302000022 52.383477783000046)",Unfall 128358 (2017) Kat:2,128358,2,6,3,03,22,1,0,,0,1,0,0
"POINT (9.670160246000023 52.347683699000072)",Unfall 128377 (2017) Kat:3,128377,3,2,4,03,10,7,0,,0,1,0,0
"POINT (9.734929772000044 52.380153319000044)",Unfall 128378 (2017) Kat:3,128378,3,6,6,03,14,7,0,,1,0,1,0
"POINT (9.764350913000044 52.264591694000046)",Unfall 128379 (2017) Kat:3,128379,3,3,5,03,17,7,0,,1,1,0,0
"POINT (9.637672595000026 52.394332038000073)",Unfall 128380 (2017) Kat:3,128380,3,7,2,03,14,7,0,,0,1,0,0
"POINT (9.749930003000031 52.362205273000029)",Unfall 128381 (2017) Kat:2,128381,2,3,5,03,12,7,0,,1,1,0,0
"POINT (9.723041114000068 52.387170277000052)",Unfall 128408 (2017) Kat:3,128408,3,7,6,03,10,1,0,,0,1,1,0
"POINT (9.774445052000033 52.373134111000070)",Unfall 128409 (2017) Kat:3,128409,3,6,2,03,12,1,0,,0,1,0,0