WKT,Name,OBJECTID,UKATEGORIE,UTYP1,UART,UMONAT,USTUNDE,UWOCHENTAG,STRZUSTAND,ULICHTVERH,ISTRAD,ISTPKW,ISTFUSS,ISTKRAD
"POINT (9.755211329000076 52.273905993000028)",Unfall 128410 (2017) Kat:3,128410,3,3,5,03,14,1,0,,1,1,0,0
"POINT (9.714408804000073 52.398794043000066)",Unfall 128427 (2017) Kat:3,128427,3,6,2,03,12,7,0,,0,1,0,0
"POINT (9.766494274000024 52.564295061000053)",Unfall 128428 (2017) Kat:3,128428,3,3,5,03,16,7,0,,1,1,0,0
"POINT (10.167304893000050 52.471082031000037)",Unfall 128429 (2017) Kat:3,128429,3,7,6,03,13,7,0,,0,1,1,0
"POINT (9.729430522000030 52.374629164000055)",Unfall 128430 (2017) Kat:3,128430,3,7,0,03,11,7,0,,0,1,0,1
"POINT (9.739340444000050 52.363850813000056)",Unfall 128459 (2017) Kat:3,128459,3,6,0,03,16,6,0,,0,1,0,1
"POINT (9.744731790000060 52.374656657000060)",Unfall 128460 (2017) Kat:3,128460,3,3,5,03,21,6,0,,1,1,0,0
"POINT (9.559841509000023 52.402191290000076)",Unfall 128461 (2017) Kat:3,128461,3,3,5,03,16,6,0,,1,1,0,0
"POINT (9.480576228000075 52.460907293000048)",Unfall 128462 (2017) Kat:3,128462,3,5,4,03,14,6,0,,1,0,0,1
"POINT (9.682534665000048 52.459672745000034)",Unfall 128463 (2017) Kat:3,128463,3,1,9,03,21,6,0,,0,0,0,1
"POINT (9.738990065000053 52.446461551000027)",Unfall 128464 (2017) Kat:3,128464,3,4,0,03,10,6,0,,1,0,1,0
"POINT (10.009447524000052 52.453457884000045)",Unfall 128465 (2017) Kat:3,128465,3,1,8,03,09,6,0,,1,0,0,0
"POINT (9.698763097000040 52.355319332000079)",Unfall 128466 (2017) Kat:2,128466,2,1,2,03,19,6,0,,0,1,0,1
"POINT (9.717218991000038 52.340875907000054)",Unfall 128467 (2017) Kat:2,128467,2,3,5,03,16,6,0,,1,1,0,0
"POINT (9.779069313000036 52.361883259000081)",Unfall 128468 (2017) Kat:3,128468,3,6,2,03,15,6,0,,0,1,0,0
"POINT (9.701777047000064 52.375185941000041)",Unfall 128469 (2017) Kat:2,128469,2,4,6,03,16,6,0,,0,1,1,0
"POINT (9.781291445000022 52.410210678000055)",Unfall 128470 (2017) Kat:3,128470,3,2,5,03,12,6,0,,1,1,0,0
"POINT (9.724201179000033 52.369916469000032)",Unfall 128494 (2017) Kat:3,128494,3,7,1,03,10,5,0,,0,1,0,0
"POINT (9.740990744000044 52.398864835000040)",Unfall 128495 (2017) Kat:3,128495,3,3,5,03,07,5,0,,1,1,0,0
"POINT (9.675397499000042 52.377258099000073)",Unfall 128515 (2017) Kat:3,128515,3,2,0,03,15,4,0,,0,1,1,0
"POINT (9.731624173000057 52.378051417000052)",Unfall 128516 (2017) Kat:3,128516,3,7,0,03,11,4,0,,0,1,0,1
"POINT (9.743047750000073 52.379181827000082)",Unfall 128517 (2017) Kat:1,128517,1,2,5,03,12,4,0,,1,0,0,0
"POINT (9.715841473000069 52.377375749000066)",Unfall 128540 (2017) Kat:3,128540,3,6,4,03,11,3,0,,1,1,0,0
"POINT (9.761584498000048 52.394813435000060)",Unfall 128541 (2017) Kat:3,128541,3,5,1,03,10,3,0,,1,1,0,0
"POINT (9.735310186000049 52.420923073000040)",Unfall 128542 (2017) Kat:3,128542,3,6,2,03,10,3,0,,0,1,0,0
"POINT (9.715459196000040 52.371968734000063)",Unfall 128543 (2017) Kat:3,128543,3,6,2,03,08,3,1,,0,1,0,0
"POINT (9.735323868000023 52.372143489000052)",Unfall 128544 (2017) Kat:3,128544,3,7,0,03,14,3,1,,0,1,0,0
"POINT (9.727792579000038 52.368333117000077)",Unfall 128568 (2017) Kat:3,128568,3,7,0,03,08,2,0,,1,1,0,0
"POINT (9.705280012000060 52.373417550000056)",Unfall 128569 (2017) Kat:3,128569,3,7,0,03,21,2,0,,1,0,0,0
"POINT (9.725335886000039 52.383504315000039)",Unfall 128570 (2017) Kat:3,128570,3,6,2,03,14,2,1,,0,1,0,0
"POINT (9.450215841000045 52.423039996000057)",Unfall 128571 (2017) Kat:3,128571,3,4,6,03,14,2,0,,0,1,1,0
"POINT (9.678754451000032 52.343250814000044)",Unfall 128572 (2017) Kat:3,128572,3,5,1,03,07,2,1,,1,1,0,0
"POINT (9.960644804000026 52.368893967000076)",Unfall 128573 (2017) Kat:3,128573,3,2,2,03,12,2,1,,0,1,0,0
"POINT (9.708898960000056 52.370486575000029)",Unfall 128574 (2017) Kat:3,128574,3,3,5,03,21,2,0,,0,1,0,0
"POINT (9.747341705000054 52.411309054000071)",Unfall 128587 (2017) Kat:3,128587,3,3,5,03,17,1,1,,1,1,0,0
"POINT (9.740665921000073 52.400221046000070)",Unfall 128588 (2017) Kat:3,128588,3,3,5,03,18,1,1,,0,1,0,0
"POINT (9.734919316000060 52.380260705000069)",Unfall 128589 (2017) Kat:2,128589,2,2,5,03,00,1,0,,0,1,0,0
"POINT (9.603529596000044 52.460752208000031)",Unfall 128590 (2017) Kat:3,128590,3,3,5,03,13,1,1,,0,1,0,0
"POINT (9.767531600000041 52.358156042000076)",Unfall 128591 (2017) Kat:3,128591,3,2,5,03,05,1,1,,1,1,0,0
"POINT (9.857572312000059 52.411023258000057)",Unfall 128600 (2017) Kat:3,128600,3,7,1,03,10,7,1,,0,1,1,0
"POINT (9.774670957000069 52.403776036000068)",Unfall 128601 (2017) Kat:3,128601,3,3,5,03,10,7,1,,0,1,0,0
"POINT (9.786881392000055 52.407035360000066)",Unfall 128602 (2017) Kat:2,128602,2,7,0,03,16,7,0,,0,1,0,0
"POINT (9.764035039000021 52.360278419000053)",Unfall 128616 (2017) Kat:3,128616,3,6,2,03,16,6,0,,0,1,0,0
"POINT (9.762497668000037 52.332641009000042)",Unfall 128617 (2017) Kat:3,128617,3,1,0,03,11,6,1,,1,0,0,0
"POINT (9.718511723000063 52.380987962000063)",Unfall 128618 (2017) Kat:2,128618,2,4,6,03,17,6,0,,0,1,1,0
"POINT (9.819461530000069 52.429298468000070)",Unfall 128638 (2017) Kat:3,128638,3,3,5,03,10,5,0,,1,0,0,0
"POINT (9.611061331000030 52.420201171000031)",Unfall 128639 (2017) Kat:3,128639,3,5,0,03,20,5,0,,1,0,0,0
"POINT (10.068153345000042 52.391686703000062)",Unfall 128640 (2017) Kat:3,128640,3,3,5,03,09,5,0,,1,0,0,0
"POINT (9.822078257000044 52.386349637000080)",Unfall 128641 (2017) Kat:3,128641,3,6,2,03,09,5,0,,0,1,0,0
"POINT (9.773048572000050 52.344881037000050)",Unfall 128642 (2017) Kat:3,128642,3,3,5,03,09,5,0,,1,1,0,0
"POINT (9.712355309000031 52.360758395000062)",Unfall 128643 (2017) Kat:3,128643,3,1,0,03,15,5,0,,1,0,0,0
"POINT (9.761333888000024 52.372598047000054)",Unfall 128663 (2017) Kat:3,128663,3,4,6,03,18,4,0,,0,1,1,0
"POINT (9.722000306000041 52.425929968000048)",Unfall 128664 (2017) Kat:3,128664,3,1,0,03,13,4,0,,0,0,0,1
"POINT (9.853587990000051 52.433349154000041)",Unfall 128665 (2017) Kat:3,128665,3,6,4,03,14,4,0,,1,0,0,0
"POINT (9.749517406000052 52.337289579000071)",Unfall 128666 (2017) Kat:2,128666,2,7,0,03,20,4,1,,1,0,0,0
"POINT (9.663668265000069 52.380122197000048)",Unfall 128667 (2017) Kat:2,128667,2,3,5,03,06,4,0,,1,1,0,0
"POINT (9.870350268000038 52.363347702000056)",Unfall 128679 (2017) Kat:3,128679,3,3,5,04,09,2,0,,0,1,0,0
"POINT (9.712165612000035 52.387378906000038)",Unfall 128680 (2017) Kat:3,128680,3,7,0,04,08,2,0,,1,0,0,0
"POINT (9.729263528000047 52.376489677000052)",Unfall 128681 (2017) Kat:3,128681,3,7,1,04,13,2,0,,1,1,0,0
"POINT (9.734822623000071 52.415796744000033)",Unfall 128682 (2017) Kat:3,128682,3,7,0,04,20,2,0,,1,0,0,0
"POINT (9.723365768000065 52.377755166000043)",Unfall 128683 (2017) Kat:3,128683,3,2,6,04,13,2,0,,0,1,1,0
"POINT (9.702564695000035 52.337551130000065)",Unfall 128709 (2017) Kat:3,128709,3,2,4,04,17,1,0,,0,1,0,1
"POINT (9.688747499000044 52.341890804000059)",Unfall 128710 (2017) Kat:3,128710,3,5,4,04,18,1,0,,1,1,0,0
"POINT (9.725269811000032 52.380508516000077)",Unfall 128711 (2017) Kat:3,128711,3,3,5,04,16,1,0,,1,1,0,0
"POINT (9.732671126000071 52.379498571000056)",Unfall 128712 (2017) Kat:3,128712,3,3,5,04,16,1,0,,0,1,0,0
"POINT (9.793659568000066 52.332900486000028)",Unfall 128713 (2017) Kat:3,128713,3,3,5,04,18,1,0,,0,1,0,0
"POINT (9.753912912000033 52.378769229000056)",Unfall 128714 (2017) Kat:2,128714,2,7,5,04,15,1,0,,0,1,0,1
"POINT (9.702124004000041 52.375095191000071)",Unfall 128728 (2017) Kat:3,128728,3,3,6,04,16,7,0,,0,1,1,0
"POINT (9.755908667000028 52.360610843000075)",Unfall 128729 (2017) Kat:3,128729,3,7,2,04,10,7,0,,1,0,0,0
"POINT (9.753905163000070 52.386246763000031)",Unfall 128730 (2017) Kat:3,128730,3,3,5,04,19,7,0,,1,1,0,0
"POINT (9.746942416000024 52.373802267000030)",Unfall 128731 (2017) Kat:3,128731,3,2,5,04,01,7,0,,1,1,0,0
"POINT (9.909909501000072 52.364700624000079)",Unfall 128732 (2017) Kat:3,128732,3,3,5,04,20,7,1,,1,1,0,0
"POINT (9.726151366000067 52.437935648000064)",Unfall 128733 (2017) Kat:3,128733,3,3,5,04,19,7,1,,1,1,0,0
"POINT (9.738652948000038 52.374420058000055)",Unfall 128734 (2017) Kat:3,128734,3,7,6,04,16,7,0,,0,1,1,0
"POINT (9.748197654000023 52.364863029000048)",Unfall 128735 (2017) Kat:3,128735,3,5,0,04,14,7,0,,1,1,0,0
"POINT (9.740264165000042 52.375901198000065)",Unfall 128736 (2017) Kat:3,128736,3,1,0,04,12,7,0,,1,0,0,0
"POINT (9.734333154000069 52.391697710000074)",Unfall 128737 (2017) Kat:2,128737,2,7,0,04,00,7,1,,1,0,0,0
"POINT (9.740060984000024 52.367485391000059)",Unfall 128738 (2017) Kat:3,128738,3,1,0,04,21,7,0,,1,0,0,0
"POINT (9.693527723000045 52.363407138000071)",Unfall 128765 (2017) Kat:3,128765,3,7,0,03,15,6,0,,1,1,0,0
"POINT (9.730675993000034 52.378544427000065)",Unfall 128766 (2017) Kat:3,128766,3,2,4,03,23,6,0,,0,1,0,0
"POINT (9.750844851000068 52.526163443000030)",Unfall 128767 (2017) Kat:3,128767,3,3,5,03,13,6,0,,1,1,0,0
"POINT (9.727881834000073 52.455702130000077)",Unfall 128768 (2017) Kat:3,128768,3,3,5,03,14,6,0,,0,1,0,0
"POINT (9.737594735000073 52.438718491000031)",Unfall 128769 (2017) Kat:3,128769,3,2,6,03,10,6,0,,0,1,1,0
"POINT (9.681577576000052 52.416224611000075)",Unfall 128770 (2017) Kat:3,128770,3,7,8,03,21,6,0,,0,1,0,0
"POINT (9.328479746000028 52.543251508000026)",Unfall 128771 (2017) Kat:2,128771,2,1,9,03,18,6,0,,0,0,0,1
"POINT (9.664464032000069 52.411805246000029)",Unfall 128772 (2017) Kat:3,128772,3,3,5,03,17,6,0,,0,1,0,0
"POINT (9.706972890000031 52.373375947000056)",Unfall 128804 (2017) Kat:3,128804,3,5,1,03,13,5,0,,0,1,0,0
"POINT (9.698076430000072 52.439246646000072)",Unfall 128805 (2017) Kat:3,128805,3,7,0,03,11,5,0,,1,0,0,0
"POINT (9.843755369000064 52.487241429000051)",Unfall 128806 (2017) Kat:3,128806,3,3,5,03,12,5,0,,0,1,0,0
"POINT (9.750834125000040 52.375287733000050)",Unfall 128807 (2017) Kat:3,128807,3,3,5,03,18,5,0,,0,1,0,0
"POINT (9.669079750000037 52.351620404000073)",Unfall 128808 (2017) Kat:2,128808,2,3,5,03,16,5,0,,1,1,0,0
"POINT (9.840337538000028 52.428949933000069)",Unfall 128809 (2017) Kat:3,128809,3,3,5,03,10,5,0,,0,1,0,1
"POINT (9.752087028000062 52.410493831000053)",Unfall 128810 (2017) Kat:3,128810,3,3,5,03,07,5,0,,1,1,0,0
"POINT (9.566352064000057 52.272527086000082)",Unfall 128833 (2017) Kat:3,128833,3,7,8,03,16,4,1,,0,0,0,0
"POINT (9.599097547000042 52.420375494000041)",Unfall 128834 (2017) Kat:3,128834,3,2,4,03,19,4,0,,0,1,0,0
"POINT (9.852089074000048 52.560109699000066)",Unfall 128835 (2017) Kat:3,128835,3,3,5,03,14,4,0,,0,1,0,0
"POINT (9.677922998000042 52.414995528000077)",Unfall 128836 (2017) Kat:3,128836,3,5,1,03,13,4,0,,1,1,0,0
"POINT (9.753185920000021 52.397905736000041)",Unfall 128837 (2017) Kat:2,128837,2,2,5,03,07,4,0,,1,1,0,0
"POINT (9.754040495000027 52.379564177000077)",Unfall 128838 (2017) Kat:3,128838,3,4,6,03,08,4,0,,0,1,1,0
"POINT (9.688420200000053 52.331944352000050)",Unfall 128873 (2017) Kat:3,128873,3,7,0,03,17,3,0,,1,0,0,0
"POINT (9.697094331000074 52.368279979000079)",Unfall 128874 (2017) Kat:3,128874,3,6,2,03,15,3,0,,0,1,0,0
"POINT (9.825640589000045 52.400000577000071)",Unfall 128875 (2017) Kat:3,128875,3,5,0,03,19,3,0,,0,1,0,0
"POINT (9.599469682000063 52.417151509000064)",Unfall 128876 (2017) Kat:3,128876,3,3,5,03,12,3,0,,1,1,0,0
"POINT (9.594884326000056 52.420881456000075)",Unfall 128877 (2017) Kat:3,128877,3,2,2,03,13,3,0,,0,1,0,0
"POINT (9.739595831000031 52.381118949000040)",Unfall 128878 (2017) Kat:3,128878,3,2,5,03,17,3,0,,1,1,0,0
"POINT (9.817589090000070 52.367838777000031)",Unfall 128879 (2017) Kat:2,128879,2,3,5,03,16,3,0,,1,0,0,0
"POINT (9.689532687000053 52.418244170000037)",Unfall 128880 (2017) Kat:3,128880,3,6,2,03,10,3,0,,0,1,0,0
"POINT (9.756327155000065 52.394482465000067)",Unfall 128915 (2017) Kat:3,128915,3,3,5,03,16,2,0,,0,1,0,1
"POINT (9.748860936000028 52.377515121000044)",Unfall 128916 (2017) Kat:3,128916,3,6,2,03,16,2,0,,0,1,0,0
"POINT (9.732729843000072 52.379840078000029)",Unfall 128917 (2017) Kat:3,128917,3,2,4,03,18,2,0,,1,1,0,0
"POINT (9.459020099000043 52.505287799000030)",Unfall 128918 (2017) Kat:3,128918,3,6,4,03,17,2,0,,1,1,0,0
"POINT (10.015001214000051 52.444033456000057)",Unfall 128919 (2017) Kat:3,128919,3,2,2,03,19,2,0,,0,1,0,0
"POINT (9.735044453000057 52.380327969000064)",Unfall 128920 (2017) Kat:2,128920,2,1,0,03,14,2,0,,0,0,0,0
"POINT (9.772335950000070 52.350620343000060)",Unfall 128921 (2017) Kat:2,128921,2,2,5,03,08,2,0,,1,1,0,0
"POINT (9.831085072000064 52.346261553000033)",Unfall 128922 (2017) Kat:2,128922,2,4,6,03,19,2,0,,0,1,1,0
"POINT (9.723730806000049 52.386638953000045)",Unfall 128944 (2017) Kat:3,128944,3,5,0,04,20,2,0,,1,1,0,0
"POINT (9.729216958000052 52.432595044000038)",Unfall 128946 (2017) Kat:3,128946,3,7,0,04,16,6,0,,1,0,0,0
"POINT (9.684515624000028 52.395956310000031)",Unfall 128962 (2017) Kat:3,128962,3,4,6,04,18,5,0,,0,1,1,0
"POINT (9.728294685000037 52.359006531000034)",Unfall 128963 (2017) Kat:3,128963,3,3,5,04,18,5,0,,1,1,0,0
"POINT (9.772156559000052 52.368423695000047)",Unfall 128964 (2017) Kat:3,128964,3,3,6,04,16,5,0,,0,1,1,0
"POINT (9.819010740000067 52.365395596000042)",Unfall 128965 (2017) Kat:3,128965,3,7,7,04,08,5,1,,1,0,0,0
"POINT (9.564336378000064 52.210190093000051)",Unfall 128966 (2017) Kat:3,128966,3,2,5,04,17,5,0,,1,1,0,0
"POINT (9.776899854000021 52.416449912000076)",Unfall 128967 (2017) Kat:3,128967,3,2,5,04,20,5,0,,0,1,0,0
"POINT (9.734113710000031 52.399123209000038)",Unfall 128968 (2017) Kat:3,128968,3,1,2,04,13,5,1,,0,1,0,1
"POINT (9.717651044000036 52.398284261000072)",Unfall 128969 (2017) Kat:2,128969,2,6,3,04,11,5,0,,1,1,0,0
"POINT (9.746261782000033 52.377684378000026)",Unfall 128970 (2017) Kat:3,128970,3,2,5,04,09,5,0,,1,0,0,0
"POINT (9.749786725000035 52.378029905000062)",Unfall 128971 (2017) Kat:3,128971,3,3,5,04,00,5,1,,0,1,0,0
"POINT (9.798737315000039 52.385315683000044)",Unfall 128990 (2017) Kat:3,128990,3,3,5,04,17,4,1,,1,1,0,0
"POINT (9.720545502000050 52.391255982000075)",Unfall 128991 (2017) Kat:3,128991,3,7,0,04,04,4,0,,1,0,0,0
"POINT (9.459602033000067 52.505792229000065)",Unfall 128992 (2017) Kat:3,128992,3,2,6,04,11,4,0,,0,1,1,0
"POINT (9.466991136000047 52.316524275000063)",Unfall 128993 (2017) Kat:3,128993,3,1,9,04,16,4,1,,0,1,0,0
"POINT (9.742922959000055 52.458290187000046)",Unfall 128994 (2017) Kat:3,128994,3,3,5,04,19,4,1,,0,1,0,0
"POINT (10.203599212000029 52.464603251000028)",Unfall 128995 (2017) Kat:3,128995,3,7,1,04,09,4,0,,0,1,0,0
"POINT (9.774401215000069 52.398277347000032)",Unfall 128996 (2017) Kat:3,128996,3,3,0,04,10,4,0,,1,0,0,0
"POINT (9.444073715000059 52.413752263000049)",Unfall 128997 (2017) Kat:3,128997,3,7,6,04,00,4,0,,1,0,1,0
"POINT (9.657107174000032 52.410125769000047)",Unfall 129013 (2017) Kat:3,129013,3,2,6,04,15,3,0,,1,0,1,0
"POINT (9.716927146000046 52.336252157000047)",Unfall 129014 (2017) Kat:3,129014,3,3,5,04,14,3,0,,1,1,0,0
"POINT (9.714887967000038 52.370855325000036)",Unfall 129015 (2017) Kat:3,129015,3,2,3,04,14,3,0,,0,1,0,0
"POINT (9.695801552000035 52.365597162000029)",Unfall 129016 (2017) Kat:3,129016,3,2,3,04,10,3,0,,0,1,0,1
"POINT (9.743810212000028 52.382359399000052)",Unfall 129017 (2017) Kat:3,129017,3,5,0,04,16,3,0,,1,1,0,0
"POINT (9.743802401000039 52.384880844000065)",Unfall 129018 (2017) Kat:3,129018,3,2,3,04,08,3,0,,1,1,0,0
"POINT (9.943824584000026 52.344294179000030)",Unfall 129019 (2017) Kat:2,129019,2,3,5,04,16,3,0,,1,1,0,0
"POINT (9.752219177000029 52.370752515000049)",Unfall 129020 (2017) Kat:2,129020,2,4,6,04,15,3,0,,1,0,1,0
"POINT (9.830975379000051 52.338272921000055)",Unfall 129021 (2017) Kat:3,129021,3,3,6,04,08,3,0,,0,1,1,0
"POINT (9.819611504000022 52.331337612000027)",Unfall 129047 (2017) Kat:3,129047,3,2,5,04,14,2,0,,0,1,0,0
"POINT (9.721400909000067 52.379250284000079)",Unfall 129048 (2017) Kat:3,129048,3,3,5,04,16,2,0,,0,1,0,1
"POINT (9.725227283000038 52.397810793000076)",Unfall 129049 (2017) Kat:3,129049,3,6,2,04,15,2,0,,0,1,0,0
"POINT (9.725425346000066 52.382844070000033)",Unfall 129050 (2017) Kat:3,129050,3,5,3,04,09,2,0,,1,1,0,0
"POINT (9.737364279000076 52.394535786000063)",Unfall 129074 (2017) Kat:3,129074,3,6,6,04,15,1,0,,1,0,1,0
"POINT (9.769362723000029 52.383432535000054)",Unfall 129075 (2017) Kat:3,129075,3,6,2,04,12,1,0,,0,1,0,0
"POINT (9.739424918000054 52.485117958000046)",Unfall 129076 (2017) Kat:3,129076,3,7,0,04,16,1,0,,1,0,0,0
"POINT (9.761752874000024 52.356415221000077)",Unfall 129077 (2017) Kat:2,129077,2,2,4,04,15,1,0,,1,1,0,0
"POINT (9.717060564000065 52.339873617000080)",Unfall 129088 (2017) Kat:3,129088,3,7,2,04,12,7,0,,0,1,0,0
"POINT (9.714408804000073 52.398794043000066)",Unfall 129089 (2017) Kat:3,129089,3,3,5,04,07,7,0,,1,1,0,0
"POINT (9.697174534000055 52.413732021000044)",Unfall 129090 (2017) Kat:3,129090,3,2,2,04,12,7,0,,0,1,0,0
"POINT (9.738545494000050 52.413846354000043)",Unfall 129091 (2017) Kat:3,129091,3,6,4,04,10,7,0,,0,1,0,0
"POINT (9.850588157000061 52.387911854000038)",Unfall 129092 (2017) Kat:2,129092,2,3,5,04,17,7,0,,1,1,0,0
"POINT (9.602803721000043 52.391944410000065)",Unfall 129093 (2017) Kat:2,129093,2,4,6,04,14,7,0,,0,0,1,1
"POINT (9.767616228000065 52.323366969000062)",Unfall 129113 (2017) Kat:3,129113,3,6,4,04,08,6,0,,0,1,0,0
"POINT (9.708610850000071 52.373056114000065)",Unfall 129114 (2017) Kat:3,129114,3,1,0,04,21,6,0,,1,0,0,0
"POINT (9.752145170000063 52.370865387000038)",Unfall 129139 (2017) Kat:3,129139,3,6,2,04,13,5,0,,0,1,0,0
"POINT (9.546984605000034 52.211632811000072)",Unfall 129140 (2017) Kat:3,129140,3,6,2,04,07,5,1,,1,1,0,0
"POINT (9.606679580000048 52.449394271000074)",Unfall 129141 (2017) Kat:3,129141,3,3,5,04,20,5,0,,0,1,0,0
"POINT (9.734867504000022 52.442431606000071)",Unfall 129163 (2017) Kat:3,129163,3,3,5,04,19,4,0,,1,1,0,0
"POINT (9.742816090000076 52.440044664000027)",Unfall 129164 (2017) Kat:3,129164,3,4,6,04,12,4,0,,0,1,1,0
"POINT (10.062971827000069 52.491191489000073)",Unfall 129165 (2017) Kat:3,129165,3,3,5,04,08,4,0,,1,1,0,0
"POINT (9.796537098000044 52.311090749000073)",Unfall 129187 (2017) Kat:3,129187,3,3,5,04,14,3,0,,1,1,0,0
"POINT (9.731954813000073 52.405463484000052)",Unfall 129188 (2017) Kat:3,129188,3,3,5,04,08,3,0,,0,0,0,1
"POINT (9.751594838000074 52.420960875000048)",Unfall 129189 (2017) Kat:3,129189,3,3,5,04,18,3,0,,1,1,0,0
"POINT (9.795978875000060 52.404652729000077)",Unfall 129190 (2017) Kat:3,129190,3,3,5,04,13,3,0,,1,1,0,0
"POINT (9.781525213000066 52.419794131000060)",Unfall 129191 (2017) Kat:3,129191,3,1,0,04,11,3,0,,1,0,0,0
"POINT (9.733439506000025 52.375266570000065)",Unfall 129192 (2017) Kat:3,129192,3,6,2,04,14,3,0,,0,1,0,0
"POINT (9.621889548000070 52.378755983000076)",Unfall 129193 (2017) Kat:3,129193,3,7,6,04,18,3,0,,0,1,1,0
"POINT (9.807571253000049 52.397436622000043)",Unfall 129194 (2017) Kat:3,129194,3,3,5,04,14,3,0,,1,1,0,0
"POINT (9.702982407000036 52.368963047000079)",Unfall 129195 (2017) Kat:3,129195,3,2,5,04,17,3,0,,0,1,0,1
"POINT (9.777882697000052 52.345994956000027)",Unfall 129196 (2017) Kat:2,129196,2,3,5,04,13,3,0,,1,1,0,0
"POINT (9.744461504000071 52.370735161000027)",Unfall 129197 (2017) Kat:3,129197,3,3,5,04,14,3,0,,1,1,0,0
"POINT (9.818627430000049 52.390454206000072)",Unfall 129218 (2017) Kat:3,129218,3,4,6,04,16,5,0,,0,1,1,0
"POINT (9.716098580000050 52.415430286000060)",Unfall 129234 (2017) Kat:3,129234,3,6,8,04,21,5,0,,0,1,0,1
"POINT (9.750869534000060 52.375575343000037)",Unfall 129261 (2017) Kat:3,129261,3,2,3,04,15,4,0,,1,1,0,0
"POINT (9.730828646000077 52.440807774000064)",Unfall 129262 (2017) Kat:3,129262,3,2,5,04,19,4,0,,0,1,0,1
"POINT (9.695768507000025 52.408958022000036)",Unfall 129263 (2017) Kat:2,129263,2,2,5,04,07,4,0,,1,1,0,0
"POINT (9.781445354000027 52.415623390000064)",Unfall 129264 (2017) Kat:3,129264,3,4,6,04,18,4,0,,0,1,1,0
"POINT (9.741222912000069 52.411354280000069)",Unfall 129304 (2017) Kat:3,129304,3,3,0,04,09,3,0,,0,1,0,0
"POINT (9.753360849000046 52.378361796000036)",Unfall 129305 (2017) Kat:3,129305,3,2,5,04,09,3,1,,0,1,0,0
"POINT (9.461213268000051 52.506724920000067)",Unfall 129306 (2017) Kat:3,129306,3,5,1,04,17,3,1,,1,1,0,0
"POINT (9.449194560000024 52.499181141000065)",Unfall 129307 (2017) Kat:3,129307,3,5,1,04,14,3,1,,1,0,0,0
"POINT (10.014600305000045 52.382702762000065)",Unfall 129308 (2017) Kat:3,129308,3,6,2,04,18,3,0,,0,1,0,0
"POINT (9.972434364000037 52.377201954000043)",Unfall 129309 (2017) Kat:3,129309,3,7,5,04,07,3,1,,0,1,0,0
"POINT (9.856811541000070 52.494102986000030)",Unfall 129310 (2017) Kat:3,129310,3,3,5,04,09,3,1,,0,1,0,0
"POINT (9.676052707000054 52.345353111000065)",Unfall 129329 (2017) Kat:3,129329,3,7,6,04,13,2,0,,0,1,1,0
"POINT (9.757569369000066 52.435296153000081)",Unfall 129330 (2017) Kat:3,129330,3,4,6,04,19,2,0,,0,1,1,0
"POINT (9.806529362000049 52.389031904000035)",Unfall 129331 (2017) Kat:3,129331,3,3,5,04,15,2,0,,0,1,0,0
"POINT (9.807540891000031 52.379670574000045)",Unfall 129332 (2017) Kat:3,129332,3,3,5,04,11,2,0,,1,0,0,0
"POINT (9.664771043000030 52.410053495000057)",Unfall 129349 (2017) Kat:3,129349,3,4,6,04,17,1,0,,0,1,1,0
"POINT (9.613669936000065 52.417318959000056)",Unfall 129367 (2017) Kat:3,129367,3,2,2,04,18,7,1,,0,1,0,0
"POINT (9.852072329000066 52.560123912000051)",Unfall 129368 (2017) Kat:3,129368,3,3,5,04,12,7,0,,0,1,0,0
"POINT (9.825342834000026 52.364246739000066)",Unfall 129369 (2017) Kat:3,129369,3,6,6,04,11,7,0,,1,0,1,0
"POINT (9.684343658000046 52.395946828000035)",Unfall 129388 (2017) Kat:3,129388,3,1,7,04,12,6,0,,0,1,0,0
"POINT (9.702955191000058 52.350395848000062)",Unfall 129389 (2017) Kat:3,129389,3,3,5,04,06,6,0,,1,0,0,0
"POINT (9.774437518000070 52.371603487000073)",Unfall 129390 (2017) Kat:3,129390,3,6,2,04,15,6,0,,0,1,0,0
"POINT (9.800646202000053 52.335231732000068)",Unfall 129391 (2017) Kat:3,129391,3,7,0,04,15,6,0,,0,0,0,0
"POINT (9.528260323000040 52.199986244000058)",Unfall 129392 (2017) Kat:2,129392,2,1,8,04,17,6,0,,0,1,0,0
"POINT (9.667702561000056 52.415466681000055)",Unfall 129393 (2017) Kat:3,129393,3,6,2,04,05,6,0,,0,1,0,1
"POINT (9.827389689000029 52.417418908000059)",Unfall 129420 (2017) Kat:3,129420,3,3,5,04,15,5,0,,0,1,0,0