WKT,Name,OBJECTID,UKATEGORIE,UTYP1,UART,UMONAT,USTUNDE,UWOCHENTAG,STRZUSTAND,ULICHTVERH,ISTRAD,ISTPKW,ISTFUSS,ISTKRAD
"POINT (9.729113020000057 52.370512563000034)",Unfall 134557 (2017) Kat:3,134557,3,1,0,09,13,7,1,,0,0,0,1
"POINT (9.694095120000043 52.409161577000077)",Unfall 134577 (2017) Kat:3,134577,3,3,5,10,15,5,0,,1,1,0,0
"POINT (9.745652144000076 52.367378812000027)",Unfall 134578 (2017) Kat:3,134578,3,3,5,10,17,5,0,,1,1,0,0
"POINT (9.681139257000041 52.409495361000040)",Unfall 134602 (2017) Kat:2,134602,2,1,0,10,05,5,1,,1,0,0,0
"POINT (9.722522665000042 52.377245937000055)",Unfall 134603 (2017) Kat:3,134603,3,6,2,10,08,5,0,,0,1,0,0
"POINT (9.739633793000053 52.381203724000045)",Unfall 134604 (2017) Kat:3,134604,3,2,5,10,07,5,0,,1,1,0,0
"POINT (9.462423423000075 52.507663549000029)",Unfall 134605 (2017) Kat:3,134605,3,3,5,10,06,5,1,,0,1,0,0
"POINT (9.769038954000052 52.358462449000058)",Unfall 134606 (2017) Kat:2,134606,2,3,5,10,18,5,0,,1,0,0,1
"POINT (9.756150265000031 52.342667381000069)",Unfall 134607 (2017) Kat:3,134607,3,2,5,10,16,5,0,,1,1,0,0
"POINT (9.711318993000077 52.358503670000061)",Unfall 134608 (2017) Kat:3,134608,3,3,5,10,13,5,0,,0,0,0,1
"POINT (9.817610921000039 52.392812122000066)",Unfall 134609 (2017) Kat:3,134609,3,3,5,10,08,5,0,,1,1,0,0
"POINT (9.664064933000077 52.402769097000032)",Unfall 134610 (2017) Kat:3,134610,3,3,5,10,06,5,1,,0,1,0,1
"POINT (9.716315464000047 52.365889704000040)",Unfall 134611 (2017) Kat:3,134611,3,1,9,10,07,5,0,,1,0,0,0
"POINT (9.668494048000071 52.359050543000080)",Unfall 134644 (2017) Kat:3,134644,3,7,2,10,16,4,0,,0,1,0,0
"POINT (9.448675741000045 52.308178236000060)",Unfall 134645 (2017) Kat:3,134645,3,3,5,10,15,4,0,,1,1,0,0
"POINT (9.471420253000076 52.295933230000060)",Unfall 134646 (2017) Kat:3,134646,3,7,7,10,07,4,0,,1,0,0,0
"POINT (9.736792775000026 52.382886614000029)",Unfall 134647 (2017) Kat:3,134647,3,6,4,10,21,4,0,,1,0,0,0
"POINT (9.722385117000044 52.385090935000051)",Unfall 134648 (2017) Kat:3,134648,3,2,5,10,17,4,0,,1,0,0,0
"POINT (9.708033923000073 52.367159537000077)",Unfall 134649 (2017) Kat:2,134649,2,2,6,10,16,4,0,,0,1,1,0
"POINT (9.678318235000063 52.409968456000058)",Unfall 134679 (2017) Kat:3,134679,3,5,1,10,16,3,0,,1,1,0,0
"POINT (9.814331965000065 52.387717831000032)",Unfall 134680 (2017) Kat:3,134680,3,3,5,10,15,3,0,,1,1,0,0
"POINT (9.792052149000028 52.434091557000045)",Unfall 134681 (2017) Kat:3,134681,3,5,0,10,19,3,0,,0,1,0,0
"POINT (9.764418705000026 52.399190187000045)",Unfall 134682 (2017) Kat:3,134682,3,5,1,10,14,3,0,,1,1,0,0
"POINT (9.420118859000070 52.425115174000041)",Unfall 134683 (2017) Kat:3,134683,3,3,5,10,14,3,0,,1,1,0,0
"POINT (9.764471481000044 52.261740102000033)",Unfall 134684 (2017) Kat:3,134684,3,7,0,10,15,3,0,,1,0,0,0
"POINT (9.977686758000061 52.376160869000046)",Unfall 134685 (2017) Kat:3,134685,3,3,0,10,19,3,0,,1,0,0,0
"POINT (9.975971399000059 52.378302285000075)",Unfall 134686 (2017) Kat:3,134686,3,3,5,10,19,3,0,,1,1,0,0
"POINT (9.803575497000054 52.359901827000044)",Unfall 134687 (2017) Kat:3,134687,3,7,6,10,16,3,0,,0,1,1,0
"POINT (9.736532005000072 52.371288283000069)",Unfall 134688 (2017) Kat:3,134688,3,6,4,10,16,3,0,,1,0,0,0
"POINT (9.793046600000025 52.403212538000048)",Unfall 134689 (2017) Kat:3,134689,3,3,5,10,09,3,0,,1,1,0,0
"POINT (9.776698041000032 52.332798501000070)",Unfall 134712 (2017) Kat:3,134712,3,2,4,10,20,2,0,,1,1,0,0
"POINT (9.750668380000036 52.375351392000027)",Unfall 134713 (2017) Kat:3,134713,3,2,3,10,16,2,0,,1,1,0,0
"POINT (9.562751790000050 52.399808971000027)",Unfall 134714 (2017) Kat:3,134714,3,1,4,10,12,2,0,,1,1,0,0
"POINT (9.702234451000038 52.458974599000044)",Unfall 134715 (2017) Kat:3,134715,3,2,5,10,12,2,0,,0,1,0,0
"POINT (9.713774641000043 52.381714629000044)",Unfall 134735 (2017) Kat:3,134735,3,4,6,10,15,1,0,,0,1,1,0
"POINT (9.744678854000028 52.382238917000052)",Unfall 134736 (2017) Kat:3,134736,3,5,1,10,15,1,0,,1,1,0,0
"POINT (9.736520018000022 52.371092546000057)",Unfall 134737 (2017) Kat:3,134737,3,1,0,10,17,1,0,,1,1,0,0
"POINT (9.739507577000040 52.427752393000048)",Unfall 134738 (2017) Kat:3,134738,3,2,5,10,15,1,0,,0,1,0,1
"POINT (9.773788531000037 52.407715357000029)",Unfall 134739 (2017) Kat:1,134739,1,1,5,10,14,1,0,,1,0,0,0
"POINT (9.728601231000027 52.394545058000062)",Unfall 134757 (2017) Kat:3,134757,3,2,4,10,13,7,0,,0,1,0,1
"POINT (9.590284262000068 52.396300825000026)",Unfall 134758 (2017) Kat:3,134758,3,2,4,10,13,7,0,,1,1,0,0
"POINT (9.745281416000069 52.392008329000078)",Unfall 134759 (2017) Kat:3,134759,3,4,6,10,07,7,0,,1,0,1,0
"POINT (9.826529046000076 52.297589583000047)",Unfall 134785 (2017) Kat:3,134785,3,3,5,10,13,6,0,,0,1,0,0
"POINT (9.769441087000075 52.398098338000068)",Unfall 134786 (2017) Kat:3,134786,3,2,3,10,14,6,0,,1,1,0,0
"POINT (9.850242125000023 52.484007544000065)",Unfall 134787 (2017) Kat:3,134787,3,7,0,10,15,6,0,,0,0,1,1
"POINT (9.632072649000065 52.396181459000047)",Unfall 134788 (2017) Kat:1,134788,1,7,6,10,13,6,0,,0,0,1,0
"POINT (9.668630157000052 52.414811475000079)",Unfall 134789 (2017) Kat:3,134789,3,2,5,10,07,6,0,,1,1,0,0
"POINT (9.725384023000061 52.343089119000069)",Unfall 134809 (2017) Kat:3,134809,3,2,5,10,16,5,0,,1,1,0,0
"POINT (9.740134371000067 52.368142912000053)",Unfall 134810 (2017) Kat:3,134810,3,2,4,10,08,5,1,,1,1,0,0
"POINT (9.754188644000067 52.410229246000029)",Unfall 134815 (2017) Kat:2,134815,2,2,5,10,07,5,1,,1,1,0,0
"POINT (9.709544606000065 52.338236940000058)",Unfall 134826 (2017) Kat:3,134826,3,6,4,10,15,6,0,,1,1,0,0
"POINT (9.708313873000066 52.367104837000056)",Unfall 134827 (2017) Kat:3,134827,3,2,3,10,07,6,0,,1,1,0,0
"POINT (9.724714955000025 52.384890375000055)",Unfall 134836 (2017) Kat:3,134836,3,5,1,10,09,6,0,,1,1,0,0
"POINT (9.732473110000058 52.379161013000044)",Unfall 134837 (2017) Kat:3,134837,3,3,5,10,19,6,1,,0,1,0,1
"POINT (9.448898552000060 52.417093302000069)",Unfall 134838 (2017) Kat:3,134838,3,3,5,10,14,6,0,,1,1,0,0
"POINT (9.989346209000075 52.446676432000061)",Unfall 134839 (2017) Kat:3,134839,3,6,2,10,16,6,1,,0,1,0,0
"POINT (9.788363446000062 52.331077354000058)",Unfall 134840 (2017) Kat:2,134840,2,2,6,10,15,6,0,,0,1,1,0
"POINT (9.555123625000022 52.208695245000058)",Unfall 134841 (2017) Kat:2,134841,2,7,6,10,09,6,0,,0,0,1,0
"POINT (9.792178555000021 52.357240826000066)",Unfall 134842 (2017) Kat:3,134842,3,4,6,10,07,6,1,,0,1,1,0
"POINT (9.692462841000065 52.396658259000048)",Unfall 134871 (2017) Kat:3,134871,3,6,3,10,19,5,0,,0,1,0,0
"POINT (9.806678071000022 52.307922484000073)",Unfall 134872 (2017) Kat:3,134872,3,3,5,10,17,5,0,,0,1,0,0
"POINT (9.839073243000030 52.354297817000031)",Unfall 134873 (2017) Kat:3,134873,3,7,0,10,14,5,0,,0,1,1,0
"POINT (9.756557698000052 52.420401831000049)",Unfall 134874 (2017) Kat:3,134874,3,3,5,10,06,5,1,,0,1,0,1
"POINT (9.745006307000040 52.387564336000082)",Unfall 134875 (2017) Kat:3,134875,3,6,2,10,19,5,0,,0,1,0,1
"POINT (9.726848500000074 52.423177535000036)",Unfall 134876 (2017) Kat:3,134876,3,4,6,10,17,5,0,,0,1,1,0
"POINT (9.753927906000058 52.439632567000046)",Unfall 134877 (2017) Kat:3,134877,3,7,0,10,12,5,0,,1,0,0,0
"POINT (9.803741196000033 52.336172801000032)",Unfall 134878 (2017) Kat:2,134878,2,3,5,10,17,5,0,,1,1,0,0
"POINT (9.616866825000045 52.426740692000067)",Unfall 134879 (2017) Kat:2,134879,2,3,5,10,15,5,0,,0,1,0,1
"POINT (9.852065017000030 52.560130116000039)",Unfall 134880 (2017) Kat:2,134880,2,3,5,10,16,5,0,,0,1,0,0
"POINT (9.814096636000045 52.307214096000052)",Unfall 134881 (2017) Kat:3,134881,3,7,6,10,07,5,0,,0,1,1,0
"POINT (9.819292949000044 52.340407902000038)",Unfall 134909 (2017) Kat:3,134909,3,1,0,10,11,4,0,,0,1,0,0
"POINT (9.791369096000040 52.404160734000072)",Unfall 134910 (2017) Kat:3,134910,3,7,0,10,06,4,1,,0,1,0,0
"POINT (9.604545423000047 52.409894074000078)",Unfall 134911 (2017) Kat:3,134911,3,3,5,10,14,4,0,,0,1,0,0
"POINT (9.708739251000054 52.367168372000037)",Unfall 134912 (2017) Kat:3,134912,3,7,0,10,23,4,1,,1,0,0,0
"POINT (9.713189412000077 52.384499352000034)",Unfall 134913 (2017) Kat:3,134913,3,7,0,10,15,4,0,,0,1,0,1
"POINT (9.788146858000062 52.314752321000071)",Unfall 134953 (2017) Kat:3,134953,3,6,0,10,15,3,0,,0,1,0,0
"POINT (9.764287860000025 52.265053404000071)",Unfall 134954 (2017) Kat:3,134954,3,6,2,10,11,3,0,,0,1,0,0
"POINT (9.561478611000041 52.218833285000073)",Unfall 134955 (2017) Kat:3,134955,3,3,5,10,14,3,0,,1,1,0,0
"POINT (10.007226478000064 52.302581242000031)",Unfall 134956 (2017) Kat:3,134956,3,3,5,10,13,3,1,,0,0,0,1
"POINT (9.735203852000041 52.439807491000067)",Unfall 134957 (2017) Kat:3,134957,3,5,0,10,16,3,0,,1,1,0,0
"POINT (10.004221716000075 52.446001361000071)",Unfall 134958 (2017) Kat:3,134958,3,3,5,10,18,3,1,,1,1,0,0
"POINT (9.554855422000060 52.209112732000051)",Unfall 134959 (2017) Kat:2,134959,2,4,6,10,11,3,0,,0,1,1,0
"POINT (9.677945078000050 52.416066117000071)",Unfall 134979 (2017) Kat:3,134979,3,6,3,10,07,2,1,,0,1,0,0
"POINT (9.812343640000051 52.309182237000073)",Unfall 134980 (2017) Kat:3,134980,3,4,6,10,15,2,1,,0,1,1,0
"POINT (9.597787235000055 52.420611845000053)",Unfall 134981 (2017) Kat:3,134981,3,2,5,10,07,2,0,,1,1,0,0
"POINT (9.964892261000045 52.376994252000031)",Unfall 134982 (2017) Kat:2,134982,2,3,5,10,13,2,1,,0,1,0,1
"POINT (9.739450746000046 52.376262093000037)",Unfall 135012 (2017) Kat:3,135012,3,7,6,10,15,1,0,,0,1,1,0
"POINT (9.581588566000050 52.417715013000077)",Unfall 135013 (2017) Kat:3,135013,3,3,5,10,15,1,1,,1,1,0,0
"POINT (9.739480061000052 52.364253667000071)",Unfall 135030 (2017) Kat:3,135030,3,1,0,10,13,7,1,,1,0,0,0
"POINT (9.771593830000029 52.400484352000035)",Unfall 135031 (2017) Kat:3,135031,3,3,5,10,09,7,0,,0,1,0,0
"POINT (9.762435207000067 52.264027686000077)",Unfall 135032 (2017) Kat:2,135032,2,6,2,10,22,7,1,,1,1,0,0
"POINT (9.606744894000030 52.306139474000076)",Unfall 135033 (2017) Kat:3,135033,3,7,6,10,08,7,0,,0,1,1,0
"POINT (9.593921508000051 52.421101095000040)",Unfall 135034 (2017) Kat:3,135034,3,3,5,10,14,7,1,,1,1,0,0
"POINT (9.659362707000071 52.408965361000071)",Unfall 135035 (2017) Kat:3,135035,3,2,5,10,14,7,1,,1,1,0,0
"POINT (9.751242109000032 52.372427029000050)",Unfall 135061 (2017) Kat:3,135061,3,2,3,10,11,6,1,,1,1,0,0
"POINT (9.827323818000025 52.361146848000033)",Unfall 135062 (2017) Kat:3,135062,3,3,5,10,15,6,1,,1,1,0,0
"POINT (9.805852180000045 52.413306255000066)",Unfall 135063 (2017) Kat:3,135063,3,2,4,10,15,6,1,,1,1,0,0
"POINT (9.570617390000052 52.287916605000078)",Unfall 135064 (2017) Kat:3,135064,3,1,0,10,22,6,1,,1,0,0,0
"POINT (9.754758824000021 52.446742997000058)",Unfall 135065 (2017) Kat:2,135065,2,3,5,10,17,6,1,,1,1,0,0
"POINT (10.012280639000039 52.448237358000029)",Unfall 135066 (2017) Kat:3,135066,3,6,2,10,11,6,1,,0,1,0,0
"POINT (9.742950526000072 52.394762469000057)",Unfall 135067 (2017) Kat:2,135067,2,3,0,10,19,6,1,,1,1,0,0
"POINT (9.747849621000057 52.389214568000057)",Unfall 135068 (2017) Kat:3,135068,3,2,5,10,14,6,1,,1,1,0,0
"POINT (9.744345967000072 52.377746608000052)",Unfall 135076 (2017) Kat:3,135076,3,6,0,11,09,3,0,,0,0,0,0
"POINT (9.728499825000029 52.436827192000067)",Unfall 135077 (2017) Kat:3,135077,3,5,1,11,15,3,0,,1,1,0,0
"POINT (9.724858396000059 52.441678592000073)",Unfall 135078 (2017) Kat:3,135078,3,4,6,11,08,3,0,,0,1,1,0
"POINT (9.777889607000077 52.411267616000032)",Unfall 135079 (2017) Kat:3,135079,3,4,6,11,14,3,0,,0,1,1,0
"POINT (9.742366119000053 52.358818155000051)",Unfall 135090 (2017) Kat:3,135090,3,5,2,11,09,3,0,,0,1,0,0
"POINT (9.709888083000067 52.372619103000034)",Unfall 135091 (2017) Kat:3,135091,3,7,0,11,21,3,0,,1,0,0,0
"POINT (9.723249897000073 52.372390513000028)",Unfall 135111 (2017) Kat:3,135111,3,6,2,11,16,2,0,,1,1,0,0
"POINT (9.747656917000029 52.395265212000027)",Unfall 135112 (2017) Kat:3,135112,3,2,3,11,06,2,0,,1,1,0,0
"POINT (9.462193046000039 52.503890263000073)",Unfall 135113 (2017) Kat:3,135113,3,6,2,11,08,2,0,,0,1,0,0
"POINT (9.761625208000055 52.566479164000043)",Unfall 135114 (2017) Kat:3,135114,3,6,4,11,19,2,0,,1,1,0,0
"POINT (10.196215245000076 52.461333695000064)",Unfall 135115 (2017) Kat:3,135115,3,3,5,11,19,2,0,,1,1,0,0
"POINT (9.718489804000058 52.381001459000061)",Unfall 135116 (2017) Kat:2,135116,2,4,6,11,16,2,0,,0,1,1,0
"POINT (9.725060161000044 52.387357647000044)",Unfall 135117 (2017) Kat:3,135117,3,1,0,11,15,2,0,,1,0,0,0
"POINT (9.712249414000041 52.368634666000048)",Unfall 135118 (2017) Kat:3,135118,3,2,5,11,12,2,0,,1,0,0,0
"POINT (9.705104930000061 52.407288047000065)",Unfall 135119 (2017) Kat:3,135119,3,3,5,11,11,2,0,,0,1,0,0
"POINT (9.760573065000074 52.364184795000028)",Unfall 135120 (2017) Kat:3,135120,3,7,0,11,08,2,0,,1,1,0,0
"POINT (9.746701524000059 52.370057718000055)",Unfall 135121 (2017) Kat:3,135121,3,3,5,11,07,2,1,,1,1,0,0
"POINT (9.677625621000061 52.395962632000078)",Unfall 135122 (2017) Kat:3,135122,3,3,5,11,07,2,0,,1,1,0,0
"POINT (9.722308906000023 52.385157175000074)",Unfall 135137 (2017) Kat:2,135137,2,3,5,11,14,1,1,,1,1,0,0
"POINT (9.725025671000026 52.384318687000075)",Unfall 135138 (2017) Kat:3,135138,3,5,1,11,00,1,0,,1,1,0,0
"POINT (9.792477222000059 52.397440909000068)",Unfall 135152 (2017) Kat:3,135152,3,6,2,11,13,7,0,,0,1,0,0
"POINT (9.964389093000023 52.371684378000054)",Unfall 135153 (2017) Kat:3,135153,3,4,6,11,19,7,0,,0,1,1,0
"POINT (9.702853408000067 52.369231026000080)",Unfall 135154 (2017) Kat:3,135154,3,2,5,11,00,7,0,,1,1,0,0
"POINT (9.791275218000067 52.319991396000034)",Unfall 135178 (2017) Kat:3,135178,3,2,5,11,17,6,0,,0,1,0,0
"POINT (9.728743817000066 52.396732577000080)",Unfall 135179 (2017) Kat:3,135179,3,1,0,11,19,6,0,,1,0,0,0
"POINT (9.747668202000057 52.395264050000037)",Unfall 135180 (2017) Kat:3,135180,3,3,5,11,20,6,1,,0,1,0,0
"POINT (9.431885310000041 52.412373104000039)",Unfall 135181 (2017) Kat:3,135181,3,3,5,11,10,6,0,,1,0,0,0
"POINT (9.895831969000028 52.445472458000040)",Unfall 135182 (2017) Kat:3,135182,3,3,5,11,07,6,0,,1,1,0,0
"POINT (10.020609916000069 52.436661378000053)",Unfall 135183 (2017) Kat:3,135183,3,3,5,11,13,6,0,,0,1,0,1
"POINT (10.007017340000061 52.452463912000042)",Unfall 135184 (2017) Kat:3,135184,3,3,0,11,14,6,0,,0,1,0,1
"POINT (9.726181360000055 52.377229319000037)",Unfall 135185 (2017) Kat:3,135185,3,7,5,11,12,6,0,,1,1,0,0
"POINT (9.806758758000058 52.388697227000080)",Unfall 135186 (2017) Kat:3,135186,3,2,3,11,07,6,0,,1,0,0,0
"POINT (9.734061014000076 52.368708314000060)",Unfall 135216 (2017) Kat:3,135216,3,2,5,11,17,5,0,,1,1,0,0
"POINT (9.770316282000067 52.358907959000078)",Unfall 135217 (2017) Kat:3,135217,3,3,5,11,09,5,0,,0,1,0,1
"POINT (9.746406496000077 52.395265919000053)",Unfall 135218 (2017) Kat:3,135218,3,3,0,11,06,5,1,,0,1,0,0
"POINT (9.354730108000069 52.454179877000058)",Unfall 135219 (2017) Kat:3,135219,3,5,1,11,12,5,1,,0,1,0,1
"POINT (9.603192585000045 52.314006468000059)",Unfall 135220 (2017) Kat:3,135220,3,7,0,11,11,5,0,,0,1,0,1
"POINT (9.713112109000065 52.372386695000046)",Unfall 135221 (2017) Kat:3,135221,3,2,5,11,19,5,0,,0,1,0,1
"POINT (9.740050295000060 52.366998807000073)",Unfall 135222 (2017) Kat:2,135222,2,3,5,11,09,5,0,,1,1,0,0
"POINT (9.790537956000037 52.407477156000027)",Unfall 135254 (2017) Kat:3,135254,3,7,0,11,22,4,1,,1,0,0,0
"POINT (9.448684769000067 52.423674420000054)",Unfall 135255 (2017) Kat:3,135255,3,1,8,11,07,4,0,,0,1,1,0
"POINT (9.732725090000031 52.478239360000032)",Unfall 135256 (2017) Kat:3,135256,3,4,6,11,07,4,1,,0,1,1,0
"POINT (9.847011505000069 52.490789113000062)",Unfall 135257 (2017) Kat:3,135257,3,3,5,11,14,4,0,,1,0,0,0
"POINT (9.749496059000023 52.378384625000081)",Unfall 135293 (2017) Kat:3,135293,3,7,6,10,07,2,0,,0,0,1,0
"POINT (9.467130744000031 52.508139947000075)",Unfall 135294 (2017) Kat:3,135294,3,3,5,10,12,2,0,,0,1,0,0
"POINT (9.973233900000025 52.376391049000063)",Unfall 135295 (2017) Kat:3,135295,3,4,6,10,10,2,0,,0,1,1,0
"POINT (9.737472065000077 52.443926310000052)",Unfall 135296 (2017) Kat:3,135296,3,3,5,10,14,2,0,,0,1,0,0
"POINT (9.689880275000064 52.342351658000041)",Unfall 135297 (2017) Kat:3,135297,3,4,6,10,18,2,0,,0,1,1,0
"POINT (9.696815438000044 52.341691110000056)",Unfall 135314 (2017) Kat:3,135314,3,6,2,10,15,1,1,,0,1,0,0
"POINT (9.681661793000046 52.359679081000081)",Unfall 135315 (2017) Kat:3,135315,3,3,5,10,20,1,1,,0,1,0,0
"POINT (9.730964853000046 52.394954304000066)",Unfall 135316 (2017) Kat:3,135316,3,3,5,10,10,1,1,,0,1,0,0
"POINT (9.425906767000072 52.429469153000070)",Unfall 135317 (2017) Kat:3,135317,3,3,5,10,15,1,1,,0,1,0,0
"POINT (9.980956718000073 52.388349738000045)",Unfall 135318 (2017) Kat:3,135318,3,1,9,10,16,1,1,,0,1,0,0
"POINT (9.739979618000064 52.366991391000056)",Unfall 135335 (2017) Kat:3,135335,3,3,5,10,14,7,0,,0,1,0,0
"POINT (9.739883038000073 52.382979133000049)",Unfall 135336 (2017) Kat:3,135336,3,5,1,10,15,7,0,,1,1,0,0
"POINT (9.720201097000029 52.391559506000078)",Unfall 135358 (2017) Kat:3,135358,3,6,2,11,09,4,1,,0,1,1,0
"POINT (9.486511164000035 52.289188949000049)",Unfall 135359 (2017) Kat:3,135359,3,3,0,11,11,4,0,,1,1,0,0
"POINT (9.733717832000025 52.545766478000075)",Unfall 135360 (2017) Kat:3,135360,3,2,5,11,15,4,1,,0,1,0,1
"POINT (9.734221308000031 52.384397092000029)",Unfall 135361 (2017) Kat:3,135361,3,7,6,11,23,4,0,,0,1,1,0
"POINT (9.804266751000057 52.391218402000050)",Unfall 135362 (2017) Kat:2,135362,2,2,5,11,18,4,0,,1,1,0,0
"POINT (9.794261174000042 52.393532994000054)",Unfall 135363 (2017) Kat:3,135363,3,3,5,11,15,4,0,,1,1,0,0
"POINT (9.849455402000046 52.387682281000082)",Unfall 135364 (2017) Kat:3,135364,3,5,2,11,05,4,1,,0,1,0,0
"POINT (9.727611232000072 52.436897498000064)",Unfall 135365 (2017) Kat:2,135365,2,2,6,11,07,4,1,,0,0,1,0
"POINT (9.667687856000043 52.415551531000062)",Unfall 135390 (2017) Kat:3,135390,3,2,0,11,13,3,0,,0,1,0,1
"POINT (9.809722921000059 52.384281355000041)",Unfall 135391 (2017) Kat:3,135391,3,2,4,11,09,3,0,,0,1,0,0
"POINT (9.754316723000045 52.368366168000080)",Unfall 135392 (2017) Kat:3,135392,3,2,4,11,17,3,0,,1,1,0,0
"POINT (9.819780950000052 52.326879552000037)",Unfall 135393 (2017) Kat:3,135393,3,5,1,11,10,3,1,,0,1,0,0
"POINT (9.455780363000031 52.507297819000030)",Unfall 135394 (2017) Kat:3,135394,3,3,5,11,16,3,1,,1,1,0,0
"POINT (9.756929879000040 52.524260275000074)",Unfall 135395 (2017) Kat:3,135395,3,3,5,11,17,3,0,,1,1,0,0
"POINT (9.908659937000039 52.366626943000028)",Unfall 135396 (2017) Kat:3,135396,3,3,5,11,11,3,0,,0,1,0,0
"POINT (9.741109457000050 52.448787076000031)",Unfall 135397 (2017) Kat:3,135397,3,4,6,11,19,3,1,,1,0,1,0
"POINT (9.734101703000022 52.454200938000042)",Unfall 135398 (2017) Kat:3,135398,3,2,5,11,06,3,0,,1,1,0,0
"POINT (9.741070219000051 52.373926399000027)",Unfall 135399 (2017) Kat:2,135399,2,5,1,11,19,3,1,,1,1,0,0
"POINT (9.821423676000052 52.345171605000075)",Unfall 135400 (2017) Kat:2,135400,2,7,0,11,07,3,1,,0,0,0,1
"POINT (9.717196101000070 52.344979722000062)",Unfall 135434 (2017) Kat:3,135434,3,4,6,11,17,2,0,,0,1,1,0
"POINT (9.808671246000074 52.379564616000039)",Unfall 135435 (2017) Kat:3,135435,3,3,0,11,10,2,0,,1,0,0,0
"POINT (9.792814380000039 52.414161729000057)",Unfall 135436 (2017) Kat:3,135436,3,6,2,11,07,2,1,,0,1,0,0
"POINT (9.733006878000026 52.381435682000074)",Unfall 135437 (2017) Kat:3,135437,3,7,0,11,20,2,0,,1,0,0,0
"POINT (9.734934054000064 52.380268627000078)",Unfall 135438 (2017) Kat:3,135438,3,2,5,11,18,2,0,,1,1,0,0
"POINT (9.706455057000028 52.390101678000065)",Unfall 135439 (2017) Kat:1,135439,1,4,6,11,19,2,0,,0,0,1,0
"POINT (9.743462231000024 52.396758865000038)",Unfall 135440 (2017) Kat:3,135440,3,5,1,11,18,2,0,,1,1,0,0
"POINT (9.710868550000043 52.359403993000058)",Unfall 135441 (2017) Kat:3,135441,3,2,5,11,15,2,0,,0,1,0,0
"POINT (9.585545833000026 52.208677078000051)",Unfall 135442 (2017) Kat:1,135442,1,7,0,11,13,2,1,,0,1,0,0
"POINT (9.807122525000068 52.394889090000049)",Unfall 135443 (2017) Kat:3,135443,3,7,0,11,09,2,1,,0,0,0,0
"POINT (9.733543791000045 52.387475180000081)",Unfall 135444 (2017) Kat:3,135444,3,4,6,11,15,2,0,,0,1,1,0
"POINT (9.720629974000076 52.337785178000047)",Unfall 135459 (2017) Kat:3,135459,3,6,2,11,14,1,1,,0,1,0,0
"POINT (9.702967364000074 52.374875140000029)",Unfall 135477 (2017) Kat:3,135477,3,7,0,11,11,7,1,,0,1,0,1
"POINT (9.737993543000073 52.382169730000044)",Unfall 135478 (2017) Kat:3,135478,3,2,4,11,16,7,0,,1,1,0,0
"POINT (9.753373430000067 52.378358054000046)",Unfall 135479 (2017) Kat:3,135479,3,2,5,11,12,7,1,,0,1,0,0
"POINT (9.423660617000053 52.428501606000054)",Unfall 135480 (2017) Kat:3,135480,3,1,4,11,18,7,1,,0,1,0,0
"POINT (9.599681300000043 52.312384990000055)",Unfall 135481 (2017) Kat:3,135481,3,7,6,11,21,7,1,,0,1,1,0
"POINT (9.814051466000024 52.380566782000074)",Unfall 135482 (2017) Kat:3,135482,3,4,6,11,18,7,1,,0,1,1,0
"POINT (9.734501663000060 52.367830852000054)",Unfall 135483 (2017) Kat:3,135483,3,5,2,11,14,7,1,,0,1,0,1
"POINT (9.686158603000024 52.417394830000035)",Unfall 135513 (2017) Kat:3,135513,3,6,2,11,14,6,1,,0,1,0,0
"POINT (9.747422698000037 52.352856784000039)",Unfall 135514 (2017) Kat:3,135514,3,4,0,11,18,6,1,,0,0,1,1
"POINT (9.749841081000056 52.349678627000060)",Unfall 135515 (2017) Kat:3,135515,3,5,2,11,07,6,1,,0,1,0,0
"POINT (9.827154443000040 52.353390187000059)",Unfall 135516 (2017) Kat:3,135516,3,3,5,11,10,6,1,,0,1,0,0
"POINT (9.749803727000028 52.378035343000079)",Unfall 135517 (2017) Kat:3,135517,3,1,0,11,08,6,1,,1,0,0,0
"POINT (9.744003103000068 52.390502244000061)",Unfall 135518 (2017) Kat:3,135518,3,3,5,11,05,6,1,,0,1,0,0
"POINT (9.734948792000068 52.380276549000030)",Unfall 135519 (2017) Kat:3,135519,3,2,4,11,08,6,1,,0,1,0,0
"POINT (9.597465532000058 52.419350781000048)",Unfall 135520 (2017) Kat:3,135520,3,6,2,11,11,6,0,,0,1,0,0
"POINT (10.088161940000077 52.391254114000049)",Unfall 135521 (2017) Kat:3,135521,3,5,1,11,06,6,1,,1,1,0,0
"POINT (9.754776781000032 52.434809736000034)",Unfall 135522 (2017) Kat:3,135522,3,3,5,11,14,6,1,,0,1,0,0