WKT,Name,OBJECTID,UKATEGORIE,UTYP1,UART,UMONAT,USTUNDE,UWOCHENTAG,STRZUSTAND,ULICHTVERH,ISTRAD,ISTPKW,ISTFUSS,ISTKRAD
"POINT (9.862370513000030 52.491098615000055)",Unfall 135523 (2017) Kat:3,135523,3,6,6,11,17,6,0,,0,1,1,0
"POINT (9.855363347000036 52.366829102000054)",Unfall 135524 (2017) Kat:3,135524,3,4,6,11,08,6,1,,0,1,1,0
"POINT (9.655607834000023 52.408955537000054)",Unfall 135525 (2017) Kat:3,135525,3,3,5,11,07,6,1,,0,1,0,1
"POINT (9.558069906000071 52.210675802000026)",Unfall 135557 (2017) Kat:3,135557,3,3,5,11,10,5,0,,0,1,0,0
"POINT (9.724895202000027 52.477787037000041)",Unfall 135558 (2017) Kat:3,135558,3,7,0,11,19,5,0,,0,1,0,0
"POINT (9.744023343000038 52.369686956000066)",Unfall 135559 (2017) Kat:3,135559,3,3,5,11,17,5,0,,1,1,0,0
"POINT (9.667464864000067 52.386282209000058)",Unfall 135560 (2017) Kat:3,135560,3,3,5,11,16,5,0,,1,1,0,0
"POINT (9.671585288000074 52.355757667000034)",Unfall 135561 (2017) Kat:2,135561,2,2,6,11,08,5,0,,0,1,1,0
"POINT (9.694080771000074 52.352750740000033)",Unfall 135577 (2017) Kat:3,135577,3,6,2,11,11,4,0,,0,1,0,0
"POINT (9.662956479000059 52.344271256000070)",Unfall 135578 (2017) Kat:3,135578,3,4,6,11,13,4,0,,0,1,1,0
"POINT (9.611140423000052 52.429767904000073)",Unfall 135579 (2017) Kat:3,135579,3,3,5,11,17,4,0,,0,1,0,0
"POINT (9.817048533000047 52.381446839000034)",Unfall 135580 (2017) Kat:3,135580,3,2,6,11,17,4,0,,0,1,1,0
"POINT (9.617306940000049 52.443242358000077)",Unfall 135602 (2017) Kat:3,135602,3,3,5,11,17,6,1,,1,1,0,0
"POINT (9.728611777000026 52.394527202000063)",Unfall 135604 (2017) Kat:2,135604,2,2,6,11,19,6,0,,0,1,1,0
"POINT (9.771058727000025 52.375666552000041)",Unfall 135605 (2017) Kat:3,135605,3,7,0,11,18,6,0,,1,0,0,0
"POINT (9.807814722000046 52.296670523000046)",Unfall 135606 (2017) Kat:2,135606,2,4,6,11,09,6,1,,0,1,1,0
"POINT (9.694437403000052 52.352743256000053)",Unfall 135626 (2017) Kat:3,135626,3,6,2,11,17,5,0,,0,1,0,0
"POINT (9.718679686000030 52.365546012000038)",Unfall 135627 (2017) Kat:3,135627,3,2,6,11,16,5,0,,0,1,1,0
"POINT (9.737527366000052 52.370339340000044)",Unfall 135628 (2017) Kat:3,135628,3,5,1,11,12,5,0,,1,1,0,0
"POINT (9.757161555000039 52.375032365000038)",Unfall 135629 (2017) Kat:3,135629,3,5,1,11,17,5,0,,1,1,0,0
"POINT (9.736840848000043 52.376771408000081)",Unfall 135630 (2017) Kat:3,135630,3,2,0,11,15,5,0,,1,1,0,0
"POINT (9.422313581000026 52.421755498000039)",Unfall 135659 (2017) Kat:3,135659,3,7,1,11,14,4,0,,1,0,0,0
"POINT (9.459597273000043 52.505781248000062)",Unfall 135660 (2017) Kat:3,135660,3,2,4,11,10,4,0,,1,1,0,0
"POINT (9.965974904000063 52.364412644000026)",Unfall 135661 (2017) Kat:3,135661,3,3,5,11,17,4,0,,1,1,0,0
"POINT (9.735695627000041 52.427968530000044)",Unfall 135662 (2017) Kat:3,135662,3,1,0,11,15,4,1,,1,0,0,0
"POINT (9.707085705000054 52.373501289000046)",Unfall 135663 (2017) Kat:3,135663,3,3,5,11,16,4,0,,1,1,0,0
"POINT (9.735449222000057 52.387071161000051)",Unfall 135664 (2017) Kat:3,135664,3,4,6,11,07,4,0,,0,1,1,0
"POINT (9.739500749000058 52.364343720000079)",Unfall 135691 (2017) Kat:3,135691,3,7,7,11,07,3,1,,1,0,1,0
"POINT (9.758807956000055 52.362458090000075)",Unfall 135692 (2017) Kat:3,135692,3,3,5,11,07,3,1,,1,1,0,0
"POINT (9.819580645000031 52.331343505000063)",Unfall 135693 (2017) Kat:3,135693,3,2,4,11,13,3,1,,0,1,0,0
"POINT (9.790270823000071 52.410393259000045)",Unfall 135694 (2017) Kat:3,135694,3,7,8,11,18,3,1,,0,1,0,0
"POINT (9.763262282000028 52.401576056000067)",Unfall 135695 (2017) Kat:3,135695,3,7,5,11,12,3,0,,1,1,0,0
"POINT (9.741846163000048 52.373696043000052)",Unfall 135696 (2017) Kat:2,135696,2,7,0,11,16,3,1,,0,0,0,0
"POINT (9.736810060000039 52.371037970000032)",Unfall 135697 (2017) Kat:3,135697,3,2,3,11,07,3,1,,1,0,0,0
"POINT (9.552232559000061 52.214782364000030)",Unfall 135698 (2017) Kat:3,135698,3,3,5,11,08,3,1,,0,1,0,0
"POINT (9.822508961000040 52.326639160000070)",Unfall 135699 (2017) Kat:3,135699,3,3,5,11,17,3,1,,1,1,0,0
"POINT (9.804308021000054 52.391499782000039)",Unfall 135700 (2017) Kat:3,135700,3,2,5,11,15,3,1,,1,1,0,0
"POINT (9.670112138000036 52.355259084000068)",Unfall 135745 (2017) Kat:3,135745,3,4,6,11,17,2,1,,0,1,1,0
"POINT (9.804992438000056 52.409516776000032)",Unfall 135746 (2017) Kat:3,135746,3,6,2,11,16,2,1,,0,1,0,0
"POINT (9.761318758000073 52.380058002000055)",Unfall 135747 (2017) Kat:3,135747,3,3,5,11,19,2,1,,1,1,0,0
"POINT (9.734848734000025 52.376695094000070)",Unfall 135748 (2017) Kat:3,135748,3,7,6,11,12,2,1,,1,0,1,0
"POINT (9.381333683000037 52.460033830000043)",Unfall 135749 (2017) Kat:2,135749,2,1,8,11,19,2,1,,1,0,1,0
"POINT (9.592917648000025 52.398459718000026)",Unfall 135750 (2017) Kat:3,135750,3,2,4,11,08,2,1,,1,1,0,0
"POINT (9.776086552000038 52.552930572000037)",Unfall 135751 (2017) Kat:3,135751,3,2,5,11,07,2,1,,0,1,0,0
"POINT (9.717421017000049 52.381642302000046)",Unfall 135752 (2017) Kat:3,135752,3,3,5,11,18,2,1,,1,1,0,0
"POINT (9.769739918000028 52.358628369000030)",Unfall 135753 (2017) Kat:3,135753,3,3,0,11,11,2,1,,0,1,0,1
"POINT (9.740996372000041 52.398850195000080)",Unfall 135754 (2017) Kat:3,135754,3,3,5,11,08,2,1,,1,1,0,0
"POINT (9.806706173000066 52.417870341000082)",Unfall 135775 (2017) Kat:3,135775,3,4,6,11,13,1,1,,0,1,1,0
"POINT (9.830861465000055 52.334803510000029)",Unfall 135776 (2017) Kat:2,135776,2,4,6,11,17,1,1,,1,0,1,0
"POINT (9.674444504000064 52.357203602000027)",Unfall 135777 (2017) Kat:2,135777,2,2,6,11,12,1,1,,0,1,1,0
"POINT (9.739950941000075 52.369138311000029)",Unfall 135789 (2017) Kat:3,135789,3,3,5,11,00,7,0,,1,1,0,0
"POINT (9.741539674000023 52.438672304000079)",Unfall 135790 (2017) Kat:3,135790,3,2,4,11,13,7,0,,1,1,0,0
"POINT (10.004359324000063 52.447770842000068)",Unfall 135791 (2017) Kat:3,135791,3,1,0,11,11,7,0,,1,0,0,0
"POINT (9.761612190000051 52.379712272000063)",Unfall 135792 (2017) Kat:3,135792,3,3,0,11,13,7,0,,0,1,0,0
"POINT (9.798700764000046 52.308419244000049)",Unfall 135816 (2017) Kat:3,135816,3,3,5,11,07,6,1,,1,1,0,0
"POINT (9.741594068000040 52.403891211000030)",Unfall 135817 (2017) Kat:3,135817,3,3,0,11,07,6,1,,1,1,0,0
"POINT (9.527457294000044 52.461334507000061)",Unfall 135818 (2017) Kat:3,135818,3,6,2,11,19,6,0,,0,1,0,0
"POINT (9.797212413000068 52.321912667000049)",Unfall 135819 (2017) Kat:3,135819,3,4,6,11,18,6,0,,0,1,1,0
"POINT (9.745759213000042 52.367379469000070)",Unfall 135820 (2017) Kat:3,135820,3,4,6,11,16,6,0,,0,1,1,0
"POINT (9.678233524000063 52.416341095000064)",Unfall 135851 (2017) Kat:3,135851,3,3,5,11,19,5,0,,1,1,0,0
"POINT (9.805906951000054 52.384878084000036)",Unfall 135852 (2017) Kat:3,135852,3,7,2,11,14,5,0,,0,1,0,0
"POINT (9.859401140000045 52.362265475000072)",Unfall 135853 (2017) Kat:3,135853,3,6,2,11,17,5,0,,0,1,0,0
"POINT (9.355703496000047 52.453504356000053)",Unfall 135854 (2017) Kat:3,135854,3,1,6,11,12,5,0,,0,0,1,0
"POINT (9.854329548000067 52.491880511000033)",Unfall 135855 (2017) Kat:3,135855,3,4,6,11,16,5,0,,0,1,1,0
"POINT (9.797737217000076 52.317967670000030)",Unfall 135856 (2017) Kat:3,135856,3,3,5,11,18,5,0,,0,1,0,0
"POINT (9.729116087000023 52.378086837000069)",Unfall 135857 (2017) Kat:3,135857,3,3,5,11,18,5,0,,0,1,0,1
"POINT (9.736158029000023 52.384148607000043)",Unfall 135858 (2017) Kat:3,135858,3,2,5,11,16,5,0,,1,1,0,0
"POINT (9.809892975000025 52.384403735000035)",Unfall 135859 (2017) Kat:3,135859,3,3,5,11,17,5,0,,0,1,0,0
"POINT (9.755018477000021 52.430850777000046)",Unfall 135870 (2017) Kat:3,135870,3,1,4,12,20,2,1,,0,1,0,0
"POINT (9.743820423000045 52.371109807000039)",Unfall 135871 (2017) Kat:3,135871,3,2,4,12,22,2,1,,1,1,0,0
"POINT (9.850960914000041 52.412644995000051)",Unfall 135873 (2017) Kat:3,135873,3,1,8,12,12,2,1,,0,1,0,0
"POINT (9.745051886000056 52.381805068000062)",Unfall 135880 (2017) Kat:3,135880,3,5,1,12,01,1,1,,1,1,0,0
"POINT (9.781450629000062 52.411389905000078)",Unfall 135881 (2017) Kat:3,135881,3,4,6,12,14,1,1,,0,1,1,0
"POINT (9.743081645000075 52.379665199000044)",Unfall 135882 (2017) Kat:2,135882,2,4,6,12,03,1,1,,0,1,1,0
"POINT (9.725580202000060 52.397845994000079)",Unfall 135895 (2017) Kat:3,135895,3,3,5,12,02,7,1,,0,1,0,0
"POINT (9.737205256000038 52.371671912000068)",Unfall 135896 (2017) Kat:3,135896,3,5,1,12,19,7,0,,1,1,0,0
"POINT (9.780177093000077 52.328436362000048)",Unfall 135930 (2017) Kat:3,135930,3,2,6,12,18,6,0,,0,1,1,0
"POINT (9.731847554000069 52.405699044000073)",Unfall 135931 (2017) Kat:3,135931,3,7,0,12,11,6,1,,1,0,0,0
"POINT (9.548400766000043 52.208076841000036)",Unfall 135932 (2017) Kat:3,135932,3,1,0,12,05,6,1,,1,0,0,0
"POINT (9.904265894000048 52.376328450000074)",Unfall 135933 (2017) Kat:3,135933,3,2,5,12,07,6,0,,1,1,0,0
"POINT (9.981873274000066 52.380236972000034)",Unfall 135934 (2017) Kat:3,135934,3,2,5,12,07,6,0,,1,1,0,0
"POINT (9.728275320000023 52.430003055000043)",Unfall 135935 (2017) Kat:3,135935,3,3,5,12,13,6,1,,0,1,0,1
"POINT (9.773426344000029 52.398010124000052)",Unfall 135936 (2017) Kat:3,135936,3,6,2,12,15,6,1,,0,1,0,0
"POINT (9.723507925000035 52.387012349000031)",Unfall 135937 (2017) Kat:1,135937,1,4,6,12,09,6,0,,0,0,1,0
"POINT (9.755637320000062 52.392638489000035)",Unfall 135972 (2017) Kat:3,135972,3,3,5,11,18,5,0,,0,1,0,1
"POINT (9.974530413000025 52.401580798000055)",Unfall 135973 (2017) Kat:3,135973,3,5,0,11,19,5,0,,1,1,0,0
"POINT (9.738480369000058 52.438592417000052)",Unfall 135974 (2017) Kat:3,135974,3,6,2,11,19,5,0,,0,1,0,0
"POINT (10.000238079000042 52.455327674000046)",Unfall 135975 (2017) Kat:3,135975,3,4,0,11,16,5,1,,1,0,1,0
"POINT (10.005390705000025 52.447950423000066)",Unfall 135976 (2017) Kat:3,135976,3,3,5,11,07,5,1,,1,0,0,0
"POINT (9.567191507000075 52.287704226000074)",Unfall 135977 (2017) Kat:2,135977,2,4,6,11,18,5,1,,0,1,1,0
"POINT (9.752052626000022 52.371482571000058)",Unfall 135978 (2017) Kat:3,135978,3,4,6,11,08,5,0,,0,0,1,0
"POINT (9.707104901000037 52.373522617000049)",Unfall 135979 (2017) Kat:3,135979,3,3,0,11,07,5,1,,0,1,0,0
"POINT (9.853997398000047 52.390592091000030)",Unfall 136007 (2017) Kat:3,136007,3,3,5,11,12,4,0,,1,0,0,0
"POINT (9.725297164000040 52.546899770000039)",Unfall 136042 (2017) Kat:3,136042,3,7,5,11,07,3,1,,0,1,1,0
"POINT (9.827012021000030 52.298597296000082)",Unfall 136072 (2017) Kat:3,136072,3,2,2,11,16,2,1,,0,1,0,0
"POINT (9.755947499000058 52.355684871000051)",Unfall 136073 (2017) Kat:3,136073,3,2,4,11,19,2,1,,1,1,0,0
"POINT (9.743611698000052 52.379399312000032)",Unfall 136074 (2017) Kat:3,136074,3,2,4,11,13,2,1,,1,0,0,0
"POINT (9.749687585000061 52.391612126000041)",Unfall 136075 (2017) Kat:3,136075,3,5,0,11,08,2,0,,1,1,0,0
"POINT (9.610972196000034 52.414582691000078)",Unfall 136076 (2017) Kat:3,136076,3,2,2,11,15,2,1,,0,1,0,0
"POINT (9.716808854000021 52.362161630000060)",Unfall 136077 (2017) Kat:2,136077,2,4,6,11,17,2,1,,0,1,1,0
"POINT (9.700381052000068 52.326586998000039)",Unfall 136096 (2017) Kat:3,136096,3,3,5,11,11,1,0,,1,1,0,0
"POINT (9.738305536000041 52.440861338000047)",Unfall 136097 (2017) Kat:3,136097,3,6,2,11,18,1,0,,0,1,0,0
"POINT (9.728557033000072 52.394620263000036)",Unfall 136098 (2017) Kat:3,136098,3,3,5,11,22,1,1,,0,1,0,0
"POINT (9.809406654000043 52.403985180000063)",Unfall 136114 (2017) Kat:3,136114,3,2,5,11,07,7,1,,1,1,0,0
"POINT (9.768126940000059 52.265176189000044)",Unfall 136115 (2017) Kat:3,136115,3,6,2,11,15,7,1,,0,1,0,0
"POINT (9.590621779000060 52.441287502000080)",Unfall 136116 (2017) Kat:3,136116,3,1,8,11,17,7,0,,0,1,0,0
"POINT (9.811925713000051 52.305536535000044)",Unfall 136117 (2017) Kat:2,136117,2,2,5,11,15,7,1,,0,1,0,0
"POINT (9.788386369000023 52.331084696000062)",Unfall 136138 (2017) Kat:3,136138,3,2,6,11,07,6,1,,0,1,1,0
"POINT (9.784749295000040 52.325866191000046)",Unfall 136139 (2017) Kat:3,136139,3,3,5,11,09,6,1,,0,1,0,0
"POINT (9.657034967000072 52.407144917000039)",Unfall 136161 (2017) Kat:3,136161,3,2,5,12,14,4,1,,0,1,0,0
"POINT (9.707723243000032 52.344025572000078)",Unfall 136162 (2017) Kat:3,136162,3,5,1,12,08,4,0,,1,1,0,0
"POINT (9.728506355000036 52.394707826000058)",Unfall 136163 (2017) Kat:3,136163,3,4,6,12,16,4,1,,0,1,1,0
"POINT (9.755928050000023 52.390400903000057)",Unfall 136164 (2017) Kat:3,136164,3,6,2,12,07,4,1,,0,1,0,0
"POINT (9.589641818000075 52.418868802000077)",Unfall 136165 (2017) Kat:3,136165,3,3,0,12,14,4,0,,1,1,0,0
"POINT (10.026426015000027 52.442252507000035)",Unfall 136166 (2017) Kat:3,136166,3,3,5,12,07,4,0,,1,1,0,0
"POINT (9.744237384000030 52.373326528000064)",Unfall 136167 (2017) Kat:3,136167,3,7,0,12,13,4,1,,1,0,0,0
"POINT (9.838055919000055 52.338539920000073)",Unfall 136168 (2017) Kat:3,136168,3,1,0,12,10,4,2,,1,0,0,0
"POINT (9.718219087000023 52.396344931000044)",Unfall 136169 (2017) Kat:3,136169,3,4,6,12,07,4,2,,0,0,1,0
"POINT (9.669743315000062 52.355209825000031)",Unfall 136201 (2017) Kat:3,136201,3,4,6,12,16,3,1,,0,1,1,0
"POINT (9.906269184000053 52.293621668000071)",Unfall 136202 (2017) Kat:3,136202,3,7,6,12,14,3,1,,0,1,1,0
"POINT (9.737575776000028 52.453580419000048)",Unfall 136203 (2017) Kat:3,136203,3,2,5,12,16,3,1,,1,1,0,0
"POINT (9.688411466000048 52.417961834000039)",Unfall 136204 (2017) Kat:2,136204,2,3,5,12,06,3,1,,1,1,0,0
"POINT (9.690410648000068 52.346165961000054)",Unfall 136228 (2017) Kat:3,136228,3,2,5,12,07,2,1,,1,0,0,0
"POINT (9.744164957000066 52.390410060000079)",Unfall 136229 (2017) Kat:3,136229,3,6,2,12,15,2,2,,0,1,0,0
"POINT (9.741204947000028 52.360346972000059)",Unfall 136264 (2017) Kat:3,136264,3,7,8,12,23,7,1,,0,1,0,0
"POINT (9.728309775000071 52.358979651000027)",Unfall 136265 (2017) Kat:3,136265,3,3,5,12,19,7,1,,1,1,0,0
"POINT (9.613902525000071 52.436076798000045)",Unfall 136266 (2017) Kat:3,136266,3,3,5,12,13,7,1,,0,1,0,0
"POINT (9.530038193000053 52.460435695000058)",Unfall 136267 (2017) Kat:3,136267,3,3,5,12,08,7,1,,1,1,0,0
"POINT (9.792302043000063 52.318309289000069)",Unfall 136268 (2017) Kat:3,136268,3,4,6,12,18,7,1,,0,1,1,0
"POINT (10.168535296000073 52.460895708000066)",Unfall 136269 (2017) Kat:3,136269,3,1,8,12,12,7,1,,0,0,0,0
"POINT (9.714485190000062 52.366276267000046)",Unfall 136270 (2017) Kat:2,136270,2,3,0,12,14,7,1,,0,1,0,1
"POINT (9.683863328000030 52.411548989000039)",Unfall 136298 (2017) Kat:3,136298,3,3,5,12,08,6,0,,1,0,0,0
"POINT (9.708185994000075 52.367201522000073)",Unfall 136299 (2017) Kat:3,136299,3,3,5,12,21,6,0,,1,1,0,0
"POINT (9.462123851000058 52.413264149000042)",Unfall 136300 (2017) Kat:3,136300,3,2,4,12,05,6,1,,0,1,0,0
"POINT (9.726121799000055 52.326368359000071)",Unfall 136301 (2017) Kat:3,136301,3,4,6,12,13,6,0,,0,1,1,0
"POINT (9.599313214000063 52.316714341000079)",Unfall 136302 (2017) Kat:3,136302,3,3,5,12,16,6,0,,0,1,0,0
"POINT (9.725495623000029 52.325280905000056)",Unfall 136303 (2017) Kat:3,136303,3,3,5,12,15,6,1,,1,1,0,0
"POINT (9.724870173000056 52.345045776000063)",Unfall 136332 (2017) Kat:3,136332,3,6,2,12,11,5,0,,1,1,0,0
"POINT (9.792134961000045 52.357268089000058)",Unfall 136333 (2017) Kat:3,136333,3,4,6,12,20,5,1,,0,1,1,0
"POINT (9.721957662000023 52.386954195000044)",Unfall 136334 (2017) Kat:3,136334,3,2,6,12,11,5,0,,0,1,1,0
"POINT (9.465040705000035 52.302026149000028)",Unfall 136335 (2017) Kat:3,136335,3,6,3,12,17,5,1,,0,1,0,0
"POINT (9.666722648000075 52.400947434000045)",Unfall 136365 (2017) Kat:3,136365,3,1,0,12,10,4,0,,1,0,0,1
"POINT (9.723454945000071 52.337229832000048)",Unfall 136366 (2017) Kat:3,136366,3,6,3,12,21,4,0,,0,1,0,0
"POINT (9.702797545000067 52.369372346000034)",Unfall 136367 (2017) Kat:3,136367,3,3,5,12,12,4,0,,0,1,0,0
"POINT (9.774442515000033 52.371549754000057)",Unfall 136368 (2017) Kat:3,136368,3,5,5,12,17,4,0,,1,1,0,0
"POINT (10.006420589000072 52.446370775000048)",Unfall 136369 (2017) Kat:3,136369,3,3,5,12,13,4,0,,1,1,0,0
"POINT (9.793452117000072 52.332828128000074)",Unfall 136370 (2017) Kat:3,136370,3,4,6,12,16,4,0,,0,1,1,0
"POINT (9.614113739000061 52.419511086000057)",Unfall 136394 (2017) Kat:2,136394,2,5,1,12,10,3,1,,0,1,0,0
"POINT (9.724231360000033 52.363650610000036)",Unfall 136395 (2017) Kat:3,136395,3,6,2,12,08,3,0,,0,0,0,1
"POINT (9.736054783000043 52.375351175000048)",Unfall 136396 (2017) Kat:3,136396,3,6,6,12,19,3,1,,1,0,1,0
"POINT (9.781056938000063 52.400084486000026)",Unfall 136397 (2017) Kat:3,136397,3,2,0,12,18,3,0,,0,1,0,0
"POINT (9.700816778000046 52.391454398000064)",Unfall 136398 (2017) Kat:2,136398,2,4,6,12,17,3,0,,0,0,1,0
"POINT (9.711279886000057 52.370948557000077)",Unfall 136399 (2017) Kat:3,136399,3,1,0,12,11,3,1,,0,0,0,1
"POINT (9.714327517000072 52.408921732000067)",Unfall 136433 (2017) Kat:3,136433,3,7,0,12,16,4,0,,1,0,0,0
"POINT (9.726639167000030 52.388627069000052)",Unfall 136434 (2017) Kat:3,136434,3,1,0,12,17,4,0,,1,0,0,0
"POINT (9.739455004000035 52.380820097000026)",Unfall 136435 (2017) Kat:3,136435,3,2,5,12,15,4,0,,1,0,0,0
"POINT (9.762760216000061 52.410190059000058)",Unfall 136440 (2017) Kat:3,136440,3,2,2,12,19,3,0,,0,1,0,0
"POINT (9.707861989000037 52.364768298000058)",Unfall 136446 (2017) Kat:3,136446,3,1,0,12,15,2,0,,1,0,0,0
"POINT (9.801678885000058 52.408861780000052)",Unfall 136447 (2017) Kat:3,136447,3,1,0,12,01,2,0,,1,0,0,0
"POINT (9.735382989000073 52.372268614000063)",Unfall 136452 (2017) Kat:3,136452,3,1,9,12,07,1,0,,0,1,0,0
"POINT (9.734821703000023 52.380347555000071)",Unfall 136458 (2017) Kat:3,136458,3,7,0,12,23,7,0,,0,1,0,0
"POINT (9.714622665000036 52.365569844000049)",Unfall 136459 (2017) Kat:3,136459,3,4,6,12,12,7,1,,0,1,1,0
"POINT (9.744007137000040 52.390459636000060)",Unfall 136474 (2017) Kat:3,136474,3,3,5,12,23,6,0,,0,1,0,0
"POINT (9.742240588000072 52.381335026000045)",Unfall 136504 (2017) Kat:3,136504,3,2,2,12,13,5,1,,1,1,0,0
"POINT (10.177743439000039 52.409108834000051)",Unfall 136505 (2017) Kat:3,136505,3,5,1,12,20,5,0,,0,1,0,0
"POINT (9.979048990000024 52.327114122000069)",Unfall 136506 (2017) Kat:3,136506,3,1,9,12,23,5,1,,0,1,0,0
"POINT (9.740609622000022 52.374426550000067)",Unfall 136507 (2017) Kat:2,136507,2,5,1,12,20,5,0,,1,1,0,0
"POINT (9.725677457000074 52.397810180000079)",Unfall 136508 (2017) Kat:3,136508,3,2,5,12,07,5,1,,1,0,0,0
"POINT (9.706791574000022 52.407890501000054)",Unfall 136540 (2017) Kat:3,136540,3,3,5,12,16,4,1,,0,1,0,0
"POINT (9.474820727000065 52.424283031000073)",Unfall 136541 (2017) Kat:2,136541,2,7,8,12,11,4,1,,0,1,0,0
"POINT (9.743566168000029 52.357261283000071)",Unfall 136542 (2017) Kat:2,136542,2,6,3,12,13,4,1,,0,1,0,0
"POINT (9.771892211000022 52.417474135000077)",Unfall 136543 (2017) Kat:2,136543,2,3,5,12,14,4,0,,1,1,0,0
"POINT (9.737638971000024 52.450406668000028)",Unfall 136544 (2017) Kat:2,136544,2,3,5,12,12,4,1,,1,1,0,0
"POINT (9.753364641000076 52.365130218000047)",Unfall 136545 (2017) Kat:2,136545,2,4,6,12,11,4,1,,0,1,1,0
"POINT (9.722537533000036 52.362364532000072)",Unfall 136569 (2017) Kat:3,136569,3,1,3,12,09,3,1,,1,0,0,0
"POINT (9.782582803000025 52.373348670000041)",Unfall 136570 (2017) Kat:3,136570,3,3,5,12,16,3,1,,1,1,0,0
"POINT (9.738065088000042 52.381858472000033)",Unfall 136571 (2017) Kat:3,136571,3,2,2,12,16,3,1,,1,1,0,0
"POINT (10.003701843000044 52.449016203000042)",Unfall 136572 (2017) Kat:3,136572,3,4,6,12,15,3,1,,0,1,1,0
"POINT (9.749780505000047 52.393565147000061)",Unfall 136573 (2017) Kat:3,136573,3,5,1,12,07,3,1,,1,1,0,0
"POINT (9.720106384000076 52.392024622000065)",Unfall 136606 (2017) Kat:3,136606,3,7,0,12,10,2,0,,0,0,0,0
"POINT (9.716477470000029 52.362235966000071)",Unfall 136607 (2017) Kat:2,136607,2,4,6,12,16,2,0,,0,0,1,0
"POINT (9.823577435000061 52.356241667000063)",Unfall 136608 (2017) Kat:3,136608,3,6,2,12,07,2,0,,0,1,0,0
"POINT (9.961815122000076 52.389556218000052)",Unfall 136621 (2017) Kat:3,136621,3,3,5,12,00,1,1,,0,1,0,0
"POINT (9.722366070000021 52.388265159000071)",Unfall 136622 (2017) Kat:3,136622,3,3,5,12,16,1,0,,1,1,0,0
"POINT (9.796648670000025 52.404929427000070)",Unfall 136623 (2017) Kat:3,136623,3,7,8,12,15,1,0,,0,1,0,0
"POINT (9.781212286000027 52.403848317000040)",Unfall 136644 (2017) Kat:3,136644,3,3,5,12,12,7,0,,1,1,0,0
"POINT (9.732570680000038 52.376845968000055)",Unfall 136661 (2017) Kat:3,136661,3,7,0,12,21,6,0,,1,0,0,0
"POINT (9.734139886000037 52.374586877000070)",Unfall 136662 (2017) Kat:3,136662,3,7,6,12,14,6,0,,0,1,1,0
"POINT (9.732796727000050 52.398795514000028)",Unfall 136663 (2017) Kat:3,136663,3,5,1,12,18,6,1,,0,1,0,1
"POINT (9.695321237000030 52.407503065000071)",Unfall 136664 (2017) Kat:3,136664,3,1,0,12,14,6,0,,1,0,0,0
"POINT (9.806321179000065 52.417214208000075)",Unfall 136665 (2017) Kat:3,136665,3,3,5,12,16,6,0,,1,1,0,0
"POINT (9.780784250000068 52.328474867000068)",Unfall 136666 (2017) Kat:2,136666,2,3,0,12,14,6,0,,1,1,0,0
"POINT (9.749243485000022 52.390211228000055)",Unfall 136667 (2017) Kat:3,136667,3,2,5,12,10,6,1,,1,1,0,0
"POINT (9.721455383000034 52.376336746000050)",Unfall 136690 (2017) Kat:3,136690,3,5,1,12,09,5,1,,0,1,0,1
"POINT (9.833056561000035 52.390009035000048)",Unfall 136691 (2017) Kat:3,136691,3,7,0,12,10,5,1,,1,0,0,0
"POINT (9.793036069000038 52.403231772000026)",Unfall 136692 (2017) Kat:3,136692,3,2,2,12,18,5,0,,0,1,0,0
"POINT (9.751438832000076 52.374251021000077)",Unfall 136693 (2017) Kat:3,136693,3,6,3,12,09,5,1,,0,1,0,0
"POINT (9.439957597000046 52.498769802000027)",Unfall 136694 (2017) Kat:3,136694,3,7,0,12,09,5,1,,1,0,0,0
"POINT (9.740686254000025 52.485493155000029)",Unfall 136927 (2017) Kat:2,136927,2,1,8,12,14,1,1,,0,1,0,0
"POINT (9.567894492000050 52.210703518000059)",Unfall 136938 (2017) Kat:3,136938,3,6,2,12,15,7,1,,0,1,0,0
"POINT (9.805409799000074 52.412339667000026)",Unfall 136939 (2017) Kat:2,136939,2,2,5,12,10,7,1,,1,1,0,0
"POINT (9.733730600000058 52.362124115000029)",Unfall 136955 (2017) Kat:3,136955,3,3,5,12,17,6,0,,0,1,0,1
"POINT (9.837259259000064 52.396916555000075)",Unfall 136956 (2017) Kat:3,136956,3,3,5,12,12,6,0,,1,1,0,0
"POINT (9.908059515000048 52.443957817000069)",Unfall 136970 (2017) Kat:3,136970,3,3,5,12,12,5,0,,0,1,0,0
"POINT (9.737721749000059 52.372481073000074)",Unfall 136971 (2017) Kat:2,136971,2,4,6,12,13,5,0,,0,1,1,0
"POINT (9.703082599000027 52.350460548000058)",Unfall 136972 (2017) Kat:3,136972,3,3,0,12,07,5,0,,0,1,0,1